author,author_id,author_total_karma,author_created_utc,author_has_verified_email,author_is_employee,author_is_mod,author_link_karma,submission_title,submission_id,submission_location,submission_link,created_utc,distinguished,edited,is_original_content,is_self,gilded,link_flair_text,locked,num_comments,over_18,score,selftext,spoiler,stickied,upvote_ratio,clicked
slBarcode___,63ahfq8u,15026,1585722110.0,True,False,True,2516,|From 'DC swamp bro' to 'true patriot', here are reactions to Miles Taylor being 'Anonymous'|,jjxy2g,/r/politics/comments/jjxy2g/from_dc_swamp_bro_to_true_patriot_here_are/,https://www.usatoday.com/story/news/politics/2020/10/28/miles-taylor-reactions-reveal-who-anonymous/6060295002/,1603924110.0,,False,False,False,0,,False,6,False,9,,False,False,0.66,False
courier1b,8e7d3,60002,1342800394.0,True,False,True,43292,|As early voting soars in SC, most counties Trump won in 2016 see lower turnout|,jjyap2,/r/politics/comments/jjyap2/as_early_voting_soars_in_sc_most_counties_trump/,https://www.postandcourier.com/politics/as-early-voting-soars-in-sc-most-counties-trump-won-in-2016-see-lower-turnout/article_e282efc0-188a-11eb-a1d4-0b136024b35e.html,1603925227.0,,False,False,False,0,,False,9,False,20,,False,False,0.95,False
realneil,kff1,33595,1159699800.0,True,False,True,17078,Russian in Cyprus Was Behind Key Parts of Discredited Dossier on Trump,jjybk8,/r/politics/comments/jjybk8/russian_in_cyprus_was_behind_key_parts_of/,https://www.wsj.com/amp/articles/russian-in-cyprus-was-behind-key-parts-of-discredited-dossier-on-trump-11603901989,1603925323.0,,False,False,False,0,,False,8,False,0,,False,False,0.19,False
Ice_Burn,dfo2l,910319,1381258649.0,True,False,True,643996,Federal judge says Texas mask law includes polling places,jjxv3a,/r/politics/comments/jjxv3a/federal_judge_says_texas_mask_law_includes/,https://thehill.com/homenews/state-watch/523265-federal-judge-invalidates-texas-mask-exclusion-for-polling-places,1603923833.0,,False,False,False,0,,False,7,False,64,,False,False,0.97,False
Ice_Burn,dfo2l,910317,1381258649.0,True,False,True,643994,Blame Game Begins After Trump’s Nebraska Rally Sh*tshow,jjy9j0,/r/politics/comments/jjy9j0/blame_game_begins_after_trumps_nebraska_rally/,https://www.thedailybeast.com/blame-game-begins-after-trumps-omaha-nebraska-rally-shtshow?ref=home?ref=home,1603925121.0,,False,False,False,0,,False,13,False,29,,False,False,0.94,False
UWCG,ukjaw,1476150,1454987566.0,True,False,False,638528,Biden leads Trump by 12 in new national poll,jjy4dw,/r/politics/comments/jjy4dw/biden_leads_trump_by_12_in_new_national_poll/,https://thehill.com/homenews/campaign/523269-biden-leads-trump-by-12-in-new-national-poll,1603924678.0,,False,False,False,0,,False,28,False,58,,False,False,0.87,False
harshalax31,2v7w5e8r,50115,1553036725.0,True,False,False,47086,COVID Resurgence May Keep Trump From Closing the Gap With Biden,jjyekc,/r/politics/comments/jjyekc/covid_resurgence_may_keep_trump_from_closing_the/,https://nymag.com/intelligencer/2020/10/covid-resurgence-may-keep-trump-from-closing-gap-with-biden.html,1603926529.0,,False,False,False,0,,False,6,False,1,,False,False,1.0,False
Twoweekswithpay,3zi4nxr,3060466,1497389729.0,True,False,False,2289580,|All seven of Texas Attorney General Ken Paxton's whistleblowers have resigned, been fired or put on leave|,jjxwaz,/r/politics/comments/jjxwaz/all_seven_of_texas_attorney_general_ken_paxtons/,https://www.texastribune.org/2020/10/28/texas-ken-paxton-whistleblowers/,1603923948.0,,False,False,False,0,,False,24,False,257,,False,False,1.0,False
Kunphen,8r2w3ir,943260,1502713676.0,True,False,True,877731,Progressives Bet That Drinking Water Can Help The Left Flip A House Seat In Nebraska,jjyljt,/r/politics/comments/jjyljt/progressives_bet_that_drinking_water_can_help_the/,https://www.huffpost.com/entry/kara-eastman-don-bacon_n_5f98a5d9c5b6a4a2dc8035fd?section=politics&ncid=tweetlnkushpmg00000016,1603926856.0,,False,False,False,0,,False,1,False,1,,False,False,1.0,False
Songal,smse9,19021,1449099996.0,True,False,True,6109,|Jared Kushner, Peggy Noonan and White problems with Black ambition|,jjyiy9,/r/politics/comments/jjyiy9/jared_kushner_peggy_noonan_and_white_problems/,https://www.washingtonpost.com/opinions/2020/10/28/jared-kushner-peggy-noonan-white-problems-with-black-ambition/,1603926723.0,,False,False,False,0,,False,1,False,1,,False,False,1.0,False
Kynicist,h0799,24835,1402948527.0,True,False,False,3471,College Student Drives 20 Hours To Vote In Fort Worth,jjy35f,/r/politics/comments/jjy35f/college_student_drives_20_hours_to_vote_in_fort/,https://www.star-telegram.com/news/politics-government/election/article246761886.html,1603924562.0,,False,False,False,0,,False,12,False,60,,False,False,0.97,False
kweathergirl,weklq,5878,1458029866.0,True,False,False,2324,Overruled! Federal Judge Says Gov. Abbott's Mask Mandate Extends Inside Polling Places,jjy1u8,/r/politics/comments/jjy1u8/overruled_federal_judge_says_gov_abbotts_mask/,https://www.nbcdfw.com/news/politics/decision-2020/federal-judge-counters-gov-abbott-says-texas-mask-mandate-must-extend-inside-polling-places/2468243/?_osource=SocialFlowFB_DFWBrand&fbclid=IwAR3qmWCAieth2YsmjBLFKbiTOrMnkf8OYG8DMm3ot92oFxAnREmBlHg9Uoo,1603924446.0,,False,False,False,0,,False,7,False,48,,False,False,0.98,False
Nosequious,89uifkma,26347,1601345501.0,False,False,False,21253,Biden Has 5-Point Edge Over Trump in Georgia Poll,jjy0ul,/r/politics/comments/jjy0ul/biden_has_5point_edge_over_trump_in_georgia_poll/,https://www.courthousenews.com/biden-has-5-point-edge-over-trump-in-georgia-poll/?utm_source=rss&utm_medium=rss&utm_campaign=biden-has-5-point-edge-over-trump-in-georgia-poll,1603924361.0,,False,False,False,0,,False,16,False,49,,False,False,0.91,False
Nurling0ickle,4n2lleu5,19,1569134607.0,False,False,False,18,The Keys to Jaime Harrison's Record-Setting Senate Campaign Against Lindsey Graham,jjy8fc,/r/politics/comments/jjy8fc/the_keys_to_jaime_harrisons_recordsetting_senate/,https://time.com/5904061/jaime-harrison-lindsey-graham-south-carolina/,1603925026.0,,False,False,False,0,,False,4,False,14,,False,False,0.85,False
Tazmoto,fo53o,3062,1394658345.0,False,False,False,1409,Fox News in Detroit shows the "2020 election results" during the Bachelorette Finale..,jjyipt,/r/politics/comments/jjyipt/fox_news_in_detroit_shows_the_2020_election/,https://www.foxnews.com/entertainment/bachelorette-detroit-mistakenly-2020-election-results-trump-michigan,1603926713.0,,False,False,False,0,,False,2,False,1,,False,False,1.0,False
db664804,5ibz1ku9,484,1580798788.0,True,False,False,31,Election Prediction,jjxw83,/r/politics/comments/jjxw83/election_prediction/,https://www.270towin.com/maps/VOAv0,1603923940.0,,False,False,False,0,Non-approved domain,False,1,False,1,,False,False,1.0,False
LionRiderr,5syjnyt4,220646,1582911290.0,True,False,False,219637,Many on Wall Street Who Predicted a Trump Win in 2016 Aren’t So Sure Now,jjxzg6,/r/politics/comments/jjxzg6/many_on_wall_street_who_predicted_a_trump_win_in/,https://www.wsj.com/articles/many-on-wall-street-who-predicted-a-trump-win-in-2016-arent-so-sure-now-11603890007,1603924234.0,,False,False,False,0,Paywall,False,1,False,1,,False,False,1.0,False
john_aliya,w8eld7e,163,1518202405.0,True,False,True,170,|Donald Trump’s Campaign Website Briefly Hacked, Defaced|,jjyg7l,/r/politics/comments/jjyg7l/donald_trumps_campaign_website_briefly_hacked/,https://www.messagefortheweek.com/donald-trumps-campaign-website-briefly-hacked-defaced/,1603926596.0,,False,False,False,0,Non-approved domain,False,2,False,1,,False,False,1.0,False
eco-travel,5wnsowrh,824,1583959491.0,True,False,True,254,Chinese Journalist Uncovers How TikTok (China) is Using Algorithms and Big Data to Manipulate the 2020 US Election. (I'm politically neutral),jjylux,/r/politics/comments/jjylux/chinese_journalist_uncovers_how_tiktok_china_is/,https://youtu.be/1gkMfpMM2jw,1603926873.0,,False,False,False,0,,False,1,False,1,,False,False,1.0,False
TrumpSharted,hhq3wyu,2863631,1508113579.0,False,False,True,2856185,Former Trump campaign official: I believed Trump's con,jjy8ad,/r/politics/comments/jjy8ad/former_trump_campaign_official_i_believed_trumps/,https://www.cnn.com/videos/politics/2020/10/28/jessica-denson-former-trump-campaign-support-biden-sot-lead-vpx.cnn,1603925012.0,,False,False,False,0,,False,0,False,2,,False,False,1.0,False
drpoggioli,68as2db4,12994,1587049307.0,True,False,False,12455,|Executive Order on Establishing the One Trillion Trees Interagency Council || The White House|,jjyj37,/r/politics/comments/jjyj37/executive_order_on_establishing_the_one_trillion/,https://www.whitehouse.gov/presidential-actions/executive-order-establishing-one-trillion-trees-interagency-council/,1603926729.0,,False,False,False,0,,False,2,False,1,,False,False,1.0,False
polkad0ttie,4jyhdssk,23696,1568063519.0,True,False,False,22656,MAGA scrambles to repair the Hunter Biden narrative,jjyav7,/r/politics/comments/jjyav7/maga_scrambles_to_repair_the_hunter_biden/,https://www.politico.com/news/2020/10/28/trump-conspiracy-theoryhunter-biden-433131,1603925243.0,,False,False,False,0,,False,10,False,10,,False,False,0.73,False
BubblyMimosa,r9khj,15075,1445136616.0,True,False,True,7714,|Miles Taylor, a Former Homeland Security Official, Reveals He Was ‘Anonymous’|,jjxwew,/r/politics/comments/jjxwew/miles_taylor_a_former_homeland_security_official/,https://www.google.com/amp/s/www.nytimes.com/2020/10/28/us/politics/miles-taylor-anonymous-trump.amp.html,1603923958.0,,False,False,False,0,Not Appropriate,False,1,False,1,,False,False,1.0,False
odetothefireman,10zks4,573,1472499692.0,True,False,False,264,Lol/ landslide,jjy5ol,/r/politics/comments/jjy5ol/lol_landslide/,https://streamable.com/fmn6uk,1603924793.0,,False,False,False,0,Non-approved domain,False,1,False,0,,False,False,0.5,False
PDXJC1971,6nsbhl4j,1917,1591206587.0,False,False,False,449,Ex-Homeland Security Official Outs Himself As 'Anonymous' Anti-Trump Author,jjy0sj,/r/politics/comments/jjy0sj/exhomeland_security_official_outs_himself_as/,https://www.npr.org/2020/10/28/928816691/ex-homeland-security-official-outs-himself-as-anonymous-anti-trump-author,1603924356.0,,False,False,False,0,,False,2,False,19,,False,False,0.79,False
DonnyMoscow1,2rmbxzoe,1367488,1544568652.0,True,False,False,1353341,That This Nightmare Of An Election Is Even Close Screams The Need To Revamp Critical Thinking Education,jjyn3f,/r/politics/comments/jjyn3f/that_this_nightmare_of_an_election_is_even_close/,https://abovethelaw.com/2020/10/that-this-nightmare-of-an-election-is-even-close-screams-the-need-to-revamp-critical-thinking-education/,1603926939.0,,False,False,False,0,,False,1,False,1,,False,False,1.0,False
_blackwholeson,q5ewkl5,26850,1595027957.0,True,False,False,20090,Off The Deep End: Oathkeepers Honcho Warns Of ‘Benghazi-Style’ Communist Attack On WH,jjya8r,/r/politics/comments/jjya8r/off_the_deep_end_oathkeepers_honcho_warns_of/,https://talkingpointsmemo.com/news/off-the-deep-end-oathkeepers-honcho-warns-of-benghazi-style-communist-attack-on-wh,1603925179.0,,False,False,False,0,,False,3,False,7,,False,False,0.77,False
cdnkevin,z734r,30176,1467501485.0,True,False,False,12426,50 Cent’s un-endorsement of Donald Trump is a rap Joe Biden must love,jjy1bl,/r/politics/comments/jjy1bl/50_cents_unendorsement_of_donald_trump_is_a_rap/,https://www.thestar.com/entertainment/2020/10/27/50-cents-un-endorsement-of-donald-trump-is-a-rap-joe-biden-must-love.html,1603924400.0,,False,False,False,0,,False,13,False,11,,False,False,0.66,False
mintaphil,4dnbsgnp,126518,1565920069.0,True,False,False,120504,Republicans’ only way to win is to stop people from voting,jjy6g9,/r/politics/comments/jjy6g9/republicans_only_way_to_win_is_to_stop_people/,https://www.washingtonpost.com/opinions/2020/10/28/republicans-only-way-win-is-stop-you-voting/?utm_campaign=wp_follow_dana_milbank&utm_medium=email&utm_source=newsletter&wpisrc=nl_danamilbank,1603924861.0,,False,False,False,0,,False,8,False,55,,False,False,0.93,False
Vigilant_Hobo,7rj5t7c5,1916,1597800396.0,False,False,False,1,|Just a reminder of how shady and messed up Biden can be. And don't worry, I'll be doing this with Trump and a lot of other political heads.|,jjy5sc,/r/politics/comments/jjy5sc/just_a_reminder_of_how_shady_and_messed_up_biden/,https://www.pastemagazine.com/politics/joe-biden/the-10-worst-things-joe-biden-has-done-in-his-poli/,1603924800.0,,False,False,False,0,New User Restricted Domains List,False,0,False,1,,False,False,1.0,False
AngelaMotorman,2p657,791627,1189708654.0,True,False,True,507468,|Feds arrest prominent West Philly activist, 2 others in case tied to torched police cars, as protests continue|,jjy3ao,/r/politics/comments/jjy3ao/feds_arrest_prominent_west_philly_activist_2/,https://www.inquirer.com/news/philly-protests-anthony-smith-arrested-fbi-federal-charges-20201028.html,1603924575.0,,False,False,False,0,,False,10,False,0,,False,False,0.44,False
coolpolitics,8nvwlvua,1,1603926370.0,True,False,False,1,"I love the poorly educated",jjygba,/r/politics/comments/jjygba/i_love_the_poorly_educated/,https://docdro.id/vWAfDjm,1603926601.0,,False,False,False,0,New User Restricted Domains List,False,0,False,1,,False,False,1.0,False
roku44,zcpor,2581032,1468008064.0,False,False,False,2551774,|In Counties that Flipped from Victories for Obama to Trump, Biden Leads the President by 6% in a New Poll|,jjxtz7,/r/politics/comments/jjxtz7/in_counties_that_flipped_from_victories_for_obama/,https://www.newsweek.com/counties-that-flipped-victories-obama-trump-biden-leads-president-6-new-poll-1543047,1603923728.0,,False,False,False,0,,False,7,False,40,,False,False,0.9,False
findingmeaning406,5ta2lkzf,673,1583002648.0,True,False,False,1,The Latest: Trump calls 'Anonymous' critic a 'sleazebag',jjyeva,/r/politics/comments/jjyeva/the_latest_trump_calls_anonymous_critic_a/,https://tulsaworld.com/news/national/govt-and-politics/the-latest-trump-admires-roaring-jet-flying-by-ariz-rally/article_e603940c-83aa-550b-b9ba-1675b29be9d1.html,1603926542.0,,False,False,False,0,Karma gated submission,False,1,False,1,,False,False,1.0,False
LowShock8,5mybvuys,23640,1581194772.0,True,False,False,17794,McConnell: Battle for Senate 'a 50-50 proposition',jjxumt,/r/politics/comments/jjxumt/mcconnell_battle_for_senate_a_5050_proposition/,https://thehill.com/homenews/senate/523248-mcconnell-battle-for-senate-a-50-50-proposition?fbclid=IwAR1Qx4tmV_4TVacjQkJ-kZ8XqFsoxTGdkrIh7GnhVJhasW6DJQ7dQI0Nijg&fbclid=IwAR0ZLH9NCKw2ZM4YsXCxXTYcBMTpjo0jMQSwk5HKzPIbknrvb8IvVgUUgaQ,1603923789.0,,False,False,False,0,,False,18,False,19,,False,False,0.83,False
sseips,1sgwm846,238,1531783380.0,True,False,False,106,|NYC, Seattle and Portland sue Trump over 'anarchist' designation|,jjym5g,/r/politics/comments/jjym5g/nyc_seattle_and_portland_sue_trump_over_anarchist/,https://www.politico.com/news/2020/10/28/nyc-seattle-portland-sue-trump-anarchist-designation-433473,1603926888.0,,False,False,False,0,,False,1,False,1,,False,False,1.0,False
randomusername369,61b1p,36980,1318522073.0,True,False,False,29715,Supreme Court won't immediately consider whether Penn. can count ballots that arrive after Election Day,jjycow,/r/politics/comments/jjycow/supreme_court_wont_immediately_consider_whether/,https://www.nbcnews.com/politics/supreme-court/supreme-court-won-t-immediately-consider-whether-pa-can-count-n1245175,1603925512.0,,False,False,False,0,,False,0,False,1,,False,False,1.0,False
uplade3,16noi4,12606,1490985048.0,False,False,False,7605,Biden is up a whopping 31 points in Hawaii according to latest polls on Fivethirtyeight,jjyhzn,/r/politics/comments/jjyhzn/biden_is_up_a_whopping_31_points_in_hawaii/,https://projects.fivethirtyeight.com/polls/president-general/hawaii/,1603926678.0,,False,False,False,0,,False,3,False,1,,False,False,1.0,False
danielthetemp,14hd4t,493203,1484545201.0,True,False,True,447860,Trump pulls statistically even with Biden in Florida; Arizona is a dead heat,jjy9az,/r/politics/comments/jjy9az/trump_pulls_statistically_even_with_biden_in/,https://www.reuters.com/article/us-usa-election-battlegrounds-poll-idUSKBN27D30N,1603925103.0,,False,False,False,0,,False,3,False,9,,False,False,0.71,False
southpawFA,ulg9u,812892,1455050421.0,True,False,True,757003,'Eroding Transparency': New Airwars Report Details Deadly US Drone Strikes and Raids in Yemen Under Trump,jjy6xk,/r/politics/comments/jjy6xk/eroding_transparency_new_airwars_report_details/,https://www.commondreams.org/news/2020/10/28/eroding-transparency-new-airwars-report-details-deadly-us-drone-strikes-and-raids,1603924899.0,,False,False,False,0,,False,8,False,17,,False,False,0.91,False
vulcan_on_earth,6qf6q,252597,1327326563.0,True,False,False,239477,|New poll shows Trump trailing Biden in Georgia, a Republican stronghold for nearly three decades|,jjxuv8,/r/politics/comments/jjxuv8/new_poll_shows_trump_trailing_biden_in_georgia_a/,https://www.newsweek.com/new-poll-shows-trump-trailing-biden-georgia-republican-stronghold-nearly-three-decades-1542996,1603923812.0,,False,False,False,0,,False,8,False,54,,False,False,0.88,False
Cedric_Hampton,4pg1xklw,30112,1569948345.0,True,False,True,23234,|USPS, SOS contradict each other on ballot mailing deadline|,jjxw08,/r/politics/comments/jjxw08/usps_sos_contradict_each_other_on_ballot_mailing/,https://www.woodtv.com/news/elections/usps-sos-contradict-each-other-on-ballot-mailing-deadline/,1603923920.0,,False,False,False,0,,False,4,False,23,,False,False,0.97,False
2legit2fart,medjk,288971,1426946785.0,True,False,False,205563,|Trump Official Brought Hate Connections to the White House || President Trump’s Deputy Communications Director Julia Hahn had connections to the white nationalist movement around the time she joined the White House as an aide, based upon hundreds of private correspondences that were leaked to Hatewat|,jjyct0,/r/politics/comments/jjyct0/trump_official_brought_hate_connections_to_the/,https://www.splcenter.org/hatewatch/2020/10/21/trump-official-brought-hate-connections-white-house,1603925531.0,,False,False,False,0,,False,0,False,20,,False,False,0.92,False
LowShock8,5mybvuys,23639,1581194772.0,True,False,False,17794,Clinton says she's an elector in New York: 'I'm sure I'll get to vote for Joe',jjybug,/r/politics/comments/jjybug/clinton_says_shes_an_elector_in_new_york_im_sure/,https://thehill.com/homenews/campaign/523214-hillary-clinton-says-shes-an-elector-in-new-york-im-sure-ill-get-to-vote?fbclid=IwAR0d0g9DWnVg2aV18v_EBFljgNgho7D9P3qbyCyeKaM9ZTibdHjR3PFGzqU,1603925373.0,,False,False,False,0,,False,5,False,17,,False,False,0.81,False
scrotum_pot_pie,poaia,739721,1439971762.0,True,False,False,738594,|Border Officials Turned Away Unaccompanied Immigrant Children More Than 13,000 Times Under Trump’s Pandemic Policy|,jjyf4v,/r/politics/comments/jjyf4v/border_officials_turned_away_unaccompanied/,https://www.buzzfeednews.com/article/hamedaleaziz/border-officials-turned-away-unaccompanied-immigrants,1603926552.0,,False,False,False,0,,False,1,False,1,,False,False,1.0,False
_blackwholeson,q5ewkl5,26850,1595027957.0,True,False,False,20090,Lesley Stahl gets security protection after death threat over Trump ‘60 Minutes’ interview: report,jjyjcd,/r/politics/comments/jjyjcd/lesley_stahl_gets_security_protection_after_death/,https://www.nydailynews.com/news/national/ny-lesley-stahl-trump-60-minutes-death-threat-20201027-njzpths36fg4ze2elzhhwygmsi-story.html,1603926742.0,,False,False,False,0,,False,3,False,1,,False,False,1.0,False
stopthecirclejerc,xjod9,4202,1461900498.0,False,False,False,1,Philadelphia DA threatens Trump over president's call for poll watchers: 'I've got something for you',jjy2qh,/r/politics/comments/jjy2qh/philadelphia_da_threatens_trump_over_presidents/,https://www.foxnews.com/politics/philadelphia-da-threatens-trump-presidents-call-poll-watchers,1603924524.0,,False,False,False,0,Karma gated submission,False,0,False,1,,False,False,1.0,False
CremasterFlash,a755e,60836,1358004326.0,False,False,False,43802,|Slow Mail, Including Plunge in Philadelphia, Alarms Democrats|,jjxzjr,/r/politics/comments/jjxzjr/slow_mail_including_plunge_in_philadelphia_alarms/,https://www.bloomberg.com/news/articles/2020-10-28/slow-mail-including-plunge-in-philadelphia-alarms-democrats?srnd=premium,1603924242.0,,False,False,False,0,,False,9,False,56,,False,False,0.94,False
granny_ew,33pw2n1m,189953,1548708964.0,True,False,False,177602,|'Disregard for Human Life Could Not Be More Blatant': Despite Covid-19 Risks, Trump Increases Deportations to Haiti|,jkjr60,/r/politics/comments/jkjr60/disregard_for_human_life_could_not_be_more/,https://www.commondreams.org/news/2020/10/29/disregard-human-life-could-not-be-more-blatant-despite-covid-19-risks-trump,1604008627.0,,False,False,False,0,,False,2,False,25,,False,False,0.88,False
western_red,8kksb,740810,1344215452.0,True,False,True,26646,|Arizona sees massive turnout, smooth process in early voting|,jkjs10,/r/politics/comments/jkjs10/arizona_sees_massive_turnout_smooth_process_in/,https://www.kgun9.com/news/election-2020/arizona-sees-massive-turnout-smooth-process-in-early-voting,1604008705.0,,False,False,False,0,,False,4,False,41,,False,False,1.0,False
bluestblue,3zdpz,1216074,1270492284.0,True,False,False,1203071,|‘People Are Going To Be Shocked’: Return of the ‘Shy’ Trump Voter? || In 2016, pollsters Arie Kapteyn and Robert Cahaly saw Trump coming. In 2020, they see polls again underestimating his support.|,jkju1f,/r/politics/comments/jkju1f/people_are_going_to_be_shocked_return_of_the_shy/,https://www.politico.com/news/magazine/2020/10/29/2020-polls-trump-biden-prediction-accurate-2016-433619,1604008886.0,,False,False,False,0,,False,25,False,0,,False,False,0.44,False
Currymvp2,y35on,264446,1463797358.0,False,False,True,66786,Trump Baselessly Suggests COVID-19 Deaths Inflated for Profit,jkjwc6,/r/politics/comments/jkjwc6/trump_baselessly_suggests_covid19_deaths_inflated/,https://www.factcheck.org/2020/10/trump-baselessly-suggests-covid-19-deaths-inflated-for-profit/,1604009078.0,,False,False,False,0,,False,5,False,21,,False,False,0.92,False
Dapopeofdope,15dil1,649,1487025943.0,True,False,False,75,Trump has denounced white supremacy at least 20 times.,jkjnmv,/r/politics/comments/jkjnmv/trump_has_denounced_white_supremacy_at_least_20/,https://youtu.be/niY_CiYE4FI,1604008317.0,,False,False,False,0,,False,1,False,1,,False,False,1.0,False
Reddit_guard,6lcjw,733456,1325805185.0,True,False,True,369331,Trump accidentally admits he’s abandoned working women,jkjyqj,/r/politics/comments/jkjyqj/trump_accidentally_admits_hes_abandoned_working/,https://www.washingtonpost.com/opinions/2020/10/29/trump-accidentally-admits-hes-abandoned-working-women/,1604009291.0,,False,False,False,0,,False,2,False,13,,False,False,0.93,False
imicallef,ahjod,88,1360089294.0,True,False,False,42,Does this article not terrify you of another Trump Surprise Win? I'm genuinely terrified after reading: Politicio ‘People Are Going To Be Shocked’: Return of the ‘Shy’ Trump Voter?,jkk1as,/r/politics/comments/jkk1as/does_this_article_not_terrify_you_of_another/,https://www.politico.com/news/magazine/2020/10/29/2020-polls-trump-biden-prediction-accurate-2016-433619,1604009517.0,,False,False,False,0,,False,1,False,0,,False,False,0.5,False
the_ol_bait_n_switch,7bqnc343,42,1595112228.0,True,False,False,1,|Jim Crow Joe || The Racist History of Joe Biden|,jkjjyu,/r/politics/comments/jkjjyu/jim_crow_joe_the_racist_history_of_joe_biden/,https://youtu.be/jPUFwmZN9eo,1604007994.0,,False,False,False,0,,False,1,False,1,,False,False,1.0,False
reverendrambo,5wu08,641205,1316781272.0,True,False,True,234982,How a fake persona laid the groundwork for a Hunter Biden conspiracy deluge,jkjw50,/r/politics/comments/jkjw50/how_a_fake_persona_laid_the_groundwork_for_a/,https://www.nbcnews.com/tech/security/how-fake-persona-laid-groundwork-hunter-biden-conspiracy-deluge-n1245387?s=09,1604009061.0,,False,False,False,0,Already Submitted,False,4,False,13,,False,False,0.84,False
strawberries6,wnqjt,112525,1458969607.0,False,False,False,69908,|As Election Nears, Trump Makes a Final Push Against Climate Science - The administration is imposing new limits on the National Oceanic and Atmospheric Administration that would undercut action against global warming|,jkjov6,/r/politics/comments/jkjov6/as_election_nears_trump_makes_a_final_push/,https://www.nytimes.com/2020/10/27/climate/trump-election-climate-noaa.html,1604008423.0,,False,False,False,0,Already Submitted,False,6,False,22,,False,False,0.89,False
Plymouth03,tn7xw,2617656,1452400098.0,False,False,False,2600100,Arizona is about to turn blue — and the reason is John McCain. My usually Republican neighborhood is now abundant with Biden-Harris signs,jkjst9,/r/politics/comments/jkjst9/arizona_is_about_to_turn_blue_and_the_reason_is/,https://www.independent.co.uk/voices/arizona-2020-election-result-polls-democrat-john-mccain-trump-pence-b1431683.html,1604008777.0,,False,False,False,0,,False,9,False,56,,False,False,0.95,False
helenolai,3lng6944,235188,1569124976.0,True,False,True,226520,Readying for war: Inside an armed right-wing group in Utah,jkjzcp,/r/politics/comments/jkjzcp/readying_for_war_inside_an_armed_rightwing_group/,https://www.washingtonpost.com/video/national/readying-for-war-inside-an-armed-right-wing-group-in-utah/2020/10/28/4c412d87-fba5-4dac-b603-b545749cc498_video.html?fbclid=IwAR0QcByanJev8HJdK2rtGXgBvv0eJKDRz5lIDzs5wox62NZIdCK7vsCBGbA,1604009342.0,,False,False,False,0,,False,3,False,8,,False,False,1.0,False
kingMuttonHead,12jyfrmn,25594,1522465254.0,True,False,False,23575,|As virus surges, Trump rallies keep packing in thousands|,jkjxf5,/r/politics/comments/jkjxf5/as_virus_surges_trump_rallies_keep_packing_in/,https://apnews.com/article/50e79fabd46472c51ecc1444184082de,1604009174.0,,False,False,False,0,,False,3,False,9,,False,False,1.0,False
TheOceanBoy,wqjbz,17081,1459272825.0,True,False,False,4465,How a fake persona laid the groundwork for a Hunter Biden conspiracy deluge,jkjmx4,/r/politics/comments/jkjmx4/how_a_fake_persona_laid_the_groundwork_for_a/,https://www.nbcnews.com/tech/security/how-fake-persona-laid-groundwork-hunter-biden-conspiracy-deluge-n1245387,1604008251.0,,False,False,False,0,Already Submitted,False,4,False,21,,False,False,0.86,False
Epicassion,4e70a2ep,1905,1572096416.0,True,False,False,63,|Within The Early Voting Boom, Youth Turnout Seems To Be Surging|,jkjt0y,/r/politics/comments/jkjt0y/within_the_early_voting_boom_youth_turnout_seems/,https://www.npr.org/2020/10/29/928641949/within-the-early-voting-boom-evidence-of-youth-turnout-surging,1604008797.0,,False,False,False,0,Already Submitted,False,8,False,30,,False,False,0.94,False
Spirited_Cheer,vk385,274337,1456434693.0,True,False,True,212517,|Trump admin to sell Iranian fuel meant for Venezuela, give proceeds to terror victims|,jkjz1f,/r/politics/comments/jkjz1f/trump_admin_to_sell_iranian_fuel_meant_for/,https://english.alarabiya.net/en/News/world/2020/10/30/Trump-admin-to-sell-Iranian-fuel-meant-for-Venezuela-give-proceeds-to-terror-victims,1604009315.0,,False,False,False,0,Non-approved domain,False,1,False,1,,False,False,1.0,False
jasonr299,8ksdf82c,324,1603338507.0,False,False,False,145,Former Trump aide who now works for Devin Nunes reportedly leaked Ukraine whistleblower’s name,jkjl2d,/r/politics/comments/jkjl2d/former_trump_aide_who_now_works_for_devin_nunes/,https://www.salon.com/2019/10/29/former-trump-aide-who-now-works-for-devin-nunes-reportedly-leaked-ukraine-whistleblowers-name/,1604008094.0,,False,False,False,0,New User Restricted Domains List,False,0,False,1,,False,False,1.0,False
jantefanten,6vwrfte,5321,1499887257.0,False,False,True,1658,Article on Joe and Hunter Biden Censored By The Intercept,jkjlg3,/r/politics/comments/jkjlg3/article_on_joe_and_hunter_biden_censored_by_the/,https://greenwald.substack.com/p/article-on-joe-and-hunter-biden-censored,1604008126.0,,False,False,False,0,Non-approved domain,False,2,False,1,,False,False,1.0,False
mikepool1986,9yupvps,580,1510425428.0,True,False,False,25,Walmart is pulling all guns and ammo until after election dat.,jkjy84,/r/politics/comments/jkjy84/walmart_is_pulling_all_guns_and_ammo_until_after/,https://www.wsj.com/articles/walmart-pulls-guns-ammo-displays-in-u-s-stores-citing-civil-unrest-11604002136,1604009244.0,,False,False,False,0,Paywall,False,1,False,1,,False,False,1.0,False
SheepCantFly,171qdp,406188,1492102298.0,True,False,True,387056,|Americans hate political opponents more than they love their party, study finds|,jkk0c0,/r/politics/comments/jkk0c0/americans_hate_political_opponents_more_than_they/,https://www.cnn.com/2020/10/29/health/political-party-hate-study-wellness/index.html,1604009429.0,,False,False,False,0,,False,3,False,3,,False,False,1.0,False
the_ol_bait_n_switch,7bqnc343,42,1595112228.0,True,False,False,1,|Jim Crow Joe || The Racist History of Joe Biden|,jkju5t,/r/politics/comments/jkju5t/jim_crow_joe_the_racist_history_of_joe_biden/,https://www.youtube.com/watch?v=jPUFwmZN9eo&feature=youtu.be,1604008895.0,,False,False,False,0,Karma gated submission,False,0,False,1,,False,False,1.0,False
western_red,8kksb,740810,1344215452.0,True,False,True,26646,|Trump Vs. Biden Race Close, But 4 Key Groups Favor Joe Biden, IBD/TIPP Presidential Poll Shows|,jkjls2,/r/politics/comments/jkjls2/trump_vs_biden_race_close_but_4_key_groups_favor/,https://www.investors.com/news/trump-vs-biden-poll-race-close-4-groups-key-joe-biden-lead-ibd-tipp-presidential-poll/,1604008155.0,,False,False,False,0,,False,8,False,9,,False,False,0.64,False
bigboxox,7hn02mt3,5266,1596165326.0,True,False,False,3658,Why Female-Led Countries Have Seen Fewer Covid-19 Deaths,jkjo8d,/r/politics/comments/jkjo8d/why_femaleled_countries_have_seen_fewer_covid19/,https://www.bloomberg.com/news/videos/2020-10-29/why-female-led-countries-have-seen-fewer-covid-19-deaths-video,1604008367.0,,False,False,False,0,,False,5,False,23,,False,False,0.87,False
AnotherSchool,15expv,80645,1487134814.0,True,False,True,20750,|Supreme Court to Let PA, NC Accept Absentee Ballots After Election Day|,jkjsxf,/r/politics/comments/jkjsxf/supreme_court_to_let_pa_nc_accept_absentee/,https://www.nytimes.com/2020/10/28/us/supreme-court-pennsylvania-north-carolina-absentee-ballots.html,1604008787.0,,False,False,False,0,Already Submitted,False,5,False,16,,False,False,0.86,False
terriblekoala9,55tlfqvg,245659,1577122179.0,True,False,True,168962,I predict that Trump will lose the election,jkjkvf,/r/politics/comments/jkjkvf/i_predict_that_trump_will_lose_the_election/,https://thehill.com/opinion/campaign/523302-i-predict-that-trump-will-lose-the-election,1604008077.0,,False,False,False,0,,False,8,False,10,,False,False,0.64,False
CadreSolutions,1foxudm4,150,1527171387.0,True,False,False,130,|Biden Wants to Repeal the Step-Up-Basis and Tax Inheritance, Trapping Middle/Lower Class|,jkjvzj,/r/politics/comments/jkjvzj/biden_wants_to_repeal_the_stepupbasis_and_tax/,https://www.forbes.com/sites/advisor/2020/10/29/biden-step-up-in-basis-tax/,1604009049.0,,False,False,False,0,Blogging Platform,False,1,False,1,,False,False,1.0,False
DocYin,18cuk3w9,1619,1524350477.0,True,False,False,487,Why Pennsylvania’s Vote Count Could Change After Election Night,jkjkgz,/r/politics/comments/jkjkgz/why_pennsylvanias_vote_count_could_change_after/,https://fivethirtyeight.com/features/why-pennsylvanias-vote-count-could-change-after-election-night/,1604008039.0,,False,False,False,0,Already Submitted,False,4,False,7,,False,False,0.77,False
Signe-mallory,89s4v4mv,29849,1601330357.0,False,False,False,27096,Wisconsin Supreme Court refuses to offer ballot clarity,jkjoix,/r/politics/comments/jkjoix/wisconsin_supreme_court_refuses_to_offer_ballot/,https://apnews.com/3ff985e0b50a128c7df2288cbde4c3d4,1604008393.0,,False,False,False,0,,False,2,False,19,,False,False,1.0,False
Supremetacoleader,c2ih3,165200,1371495668.0,True,False,False,104349,Giuliani associate Correia pleads guilty to making false statements,jkjq7k,/r/politics/comments/jkjq7k/giuliani_associate_correia_pleads_guilty_to/,https://thehill.com/regulation/court-battles/523466-giuliani-associate-correia-pleads-guilty-to-making-false-statements,1604008542.0,,False,False,False,0,,False,3,False,42,,False,False,0.96,False
ajariax,hr6a2,108715,1407349320.0,True,False,False,65304,Record-breaking early voting in U.S. election tops 80 million,jkjkfq,/r/politics/comments/jkjkfq/recordbreaking_early_voting_in_us_election_tops/,https://ca.reuters.com/article/us-usa-election-early-voting/record-breaking-early-voting-in-u-s-election-tops-80-million-idUSKBN27E37U,1604008037.0,,False,False,False,0,,False,4,False,45,,False,False,0.99,False
silence7,22bd2,385273,1183149420.0,True,False,True,267590,Walmart Pulls Guns Off Shelves as Precaution Ahead of Election,jkjkgl,/r/politics/comments/jkjkgl/walmart_pulls_guns_off_shelves_as_precaution/,https://www.bloomberg.com/news/articles/2020-10-29/walmart-pulls-guns-off-shelves-as-precaution-ahead-of-election,1604008038.0,,False,False,False,0,,False,11,False,79,,False,False,0.93,False
Aplay1,43bqr12a,248255,1562423475.0,True,False,False,202161,'Time for an exorcism in our nation’s capital': Bruce Springsteen wants Trump voted out of office,jkjm8r,/r/politics/comments/jkjm8r/time_for_an_exorcism_in_our_nations_capital_bruce/,https://www.usatoday.com/story/entertainment/music/2020/10/29/bruce-springsteen-calls-americans-vote-trump-out-office/6076073002/,1604008196.0,,False,False,False,0,,False,2,False,42,,False,False,0.97,False
horse_race,4ddl1drn,14796,1565825400.0,True,False,True,12612,Hawaii mail-in ballots have already surpassed entire 2016 voter turnout,jkjzal,/r/politics/comments/jkjzal/hawaii_mailin_ballots_have_already_surpassed/,https://thehill.com/homenews/state-watch/523451-hawaii-mail-in-ballots-have-already-surpassed-entire-2016-voter-turnout,1604009337.0,,False,False,False,0,,False,2,False,11,,False,False,1.0,False
Sybil_et_al,17990e,102450,1492723106.0,True,False,False,37703,Trump and Biden both target Tampa as fight for Florida heats up,jkjmz3,/r/politics/comments/jkjmz3/trump_and_biden_both_target_tampa_as_fight_for/,https://www.nydailynews.com/news/politics/us-elections-government/ny-election-2020-florida-20201029-ah7cxmnjyvhwtg4lhkpnjj6zka-story.html?utm_source=onesignal&utm_medium=notification&utm_campaign=2020-10-29-You-hold-the-po,1604008256.0,,False,False,False,0,,False,1,False,14,,False,False,0.89,False
fligoo_gigoo,3kkkos38,159,1554825436.0,True,False,False,60,|Pennsylvania Voters, Do Not Leave Your Mail-In Ballots in the Hands of the Supreme Court|,jkjotm,/r/politics/comments/jkjotm/pennsylvania_voters_do_not_leave_your_mailin/,https://slate.com/news-and-politics/2020/10/pennsylvania-late-ballots-supreme-court-alito.html,1604008420.0,,False,False,False,0,,False,3,False,59,,False,False,0.97,False
ChiGuy6124,68la5wao,64912,1588538600.0,True,False,False,59002,‘I ain’t going to jail!’: Federal agents worried they’d do hard time for Trump policy separating migrant kids,jkjmv6,/r/politics/comments/jkjmv6/i_aint_going_to_jail_federal_agents_worried_theyd/,https://www.nydailynews.com/news/politics/ny-border-patrol-separating-families-20201029-rotiywgokzbt5lfcc6coafausy-story.html,1604008248.0,,False,False,False,0,,False,25,False,56,,False,False,0.97,False
ohnoh18,3qo6zvfi,3079661,1558762456.0,True,False,False,2834804,|Trump campaign working with police union to recruit ex-cops as “poll challengers”: report || City Councilman Jeremiah Ellison accused union chief Bob Kroll of aiding a "voter intimidation campaign"|,jkjmv1,/r/politics/comments/jkjmv1/trump_campaign_working_with_police_union_to/,https://www.salon.com/2020/10/29/trump-campaign-working-with-police-union-to-recruit-ex-cops-as-poll-challengers-report/,1604008247.0,,False,False,False,0,Already Submitted,False,2,False,8,,False,False,0.83,False
PLLPLLPLL,fhrfo,61989,1393608172.0,True,False,True,57144,2 people who attended Trump's rally in North Carolina have tested positive for coronavirus,jkjopk,/r/politics/comments/jkjopk/2_people_who_attended_trumps_rally_in_north/,https://www.cnn.com/2020/10/29/politics/trump-rally-covid-north-carolina-trnd/index.html,1604008410.0,,False,False,False,0,,False,12,False,46,,False,False,0.94,False
Kinasin,7mw9h,18473,1336147840.0,True,False,True,16599,THE REAL SCANDAL: U.S. MEDIA USES FALSEHOODS TO DEFEND JOE BIDEN FROM HUNTER’S EMAILS,jkjzah,/r/politics/comments/jkjzah/the_real_scandal_us_media_uses_falsehoods_to/,https://greenwald.substack.com/p/article-on-joe-and-hunter-biden-censored,1604009336.0,,False,False,False,0,No ALL CAPS,False,1,False,1,,False,False,1.0,False
granny_ew,33pw2n1m,189963,1548708964.0,True,False,False,177612,|'Disregard for Human Life Could Not Be More Blatant': Despite Covid-19 Risks, Trump Increases Deportations to Haiti|,jkjr60,/r/politics/comments/jkjr60/disregard_for_human_life_could_not_be_more/,https://www.commondreams.org/news/2020/10/29/disregard-human-life-could-not-be-more-blatant-despite-covid-19-risks-trump,1604008627.0,,False,False,False,0,,False,2,False,25,,False,False,0.88,False
Reddit_guard,6lcjw,733466,1325805185.0,True,False,True,369334,Trump accidentally admits he’s abandoned working women,jkjyqj,/r/politics/comments/jkjyqj/trump_accidentally_admits_hes_abandoned_working/,https://www.washingtonpost.com/opinions/2020/10/29/trump-accidentally-admits-hes-abandoned-working-women/,1604009291.0,,False,False,False,0,,False,3,False,16,,False,False,0.94,False
bluestblue,3zdpz,1216074,1270492284.0,True,False,False,1203071,|‘People Are Going To Be Shocked’: Return of the ‘Shy’ Trump Voter? || In 2016, pollsters Arie Kapteyn and Robert Cahaly saw Trump coming. In 2020, they see polls again underestimating his support.|,jkju1f,/r/politics/comments/jkju1f/people_are_going_to_be_shocked_return_of_the_shy/,https://www.politico.com/news/magazine/2020/10/29/2020-polls-trump-biden-prediction-accurate-2016-433619,1604008886.0,,False,False,False,0,,False,26,False,0,,False,False,0.44,False
silence7,22bd2,385277,1183149420.0,True,False,True,267592,Walmart Pulls Guns Off Shelves as Precaution Ahead of Election,jkjkgl,/r/politics/comments/jkjkgl/walmart_pulls_guns_off_shelves_as_precaution/,https://www.bloomberg.com/news/articles/2020-10-29/walmart-pulls-guns-off-shelves-as-precaution-ahead-of-election,1604008038.0,,False,False,False,0,,False,11,False,81,,False,False,0.93,False
jasonr299,8ksdf82c,324,1603338507.0,False,False,False,145,Former Trump aide who now works for Devin Nunes reportedly leaked Ukraine whistleblower’s name,jkjl2d,/r/politics/comments/jkjl2d/former_trump_aide_who_now_works_for_devin_nunes/,https://www.salon.com/2019/10/29/former-trump-aide-who-now-works-for-devin-nunes-reportedly-leaked-ukraine-whistleblowers-name/,1604008094.0,,False,False,False,0,New User Restricted Domains List,False,0,False,1,,False,False,1.0,False
the_ol_bait_n_switch,7bqnc343,42,1595112228.0,True,False,False,1,|Jim Crow Joe || The Racist History of Joe Biden|,jkjjyu,/r/politics/comments/jkjjyu/jim_crow_joe_the_racist_history_of_joe_biden/,https://youtu.be/jPUFwmZN9eo,1604007994.0,,False,False,False,0,,False,1,False,1,,False,False,1.0,False
PLLPLLPLL,fhrfo,61991,1393608172.0,True,False,True,57146,2 people who attended Trump's rally in North Carolina have tested positive for coronavirus,jkjopk,/r/politics/comments/jkjopk/2_people_who_attended_trumps_rally_in_north/,https://www.cnn.com/2020/10/29/politics/trump-rally-covid-north-carolina-trnd/index.html,1604008410.0,,False,False,False,0,,False,12,False,48,,False,False,0.94,False
Aplay1,43bqr12a,248257,1562423475.0,True,False,False,202163,'Time for an exorcism in our nation’s capital': Bruce Springsteen wants Trump voted out of office,jkjm8r,/r/politics/comments/jkjm8r/time_for_an_exorcism_in_our_nations_capital_bruce/,https://www.usatoday.com/story/entertainment/music/2020/10/29/bruce-springsteen-calls-americans-vote-trump-out-office/6076073002/,1604008196.0,,False,False,False,0,,False,2,False,44,,False,False,0.98,False
ChiGuy6124,68la5wao,64914,1588538600.0,True,False,False,59004,‘I ain’t going to jail!’: Federal agents worried they’d do hard time for Trump policy separating migrant kids,jkjmv6,/r/politics/comments/jkjmv6/i_aint_going_to_jail_federal_agents_worried_theyd/,https://www.nydailynews.com/news/politics/ny-border-patrol-separating-families-20201029-rotiywgokzbt5lfcc6coafausy-story.html,1604008248.0,,False,False,False,0,,False,25,False,58,,False,False,0.97,False
Dapopeofdope,15dil1,649,1487025943.0,True,False,False,75,Trump has denounced white supremacy at least 20 times.,jkjnmv,/r/politics/comments/jkjnmv/trump_has_denounced_white_supremacy_at_least_20/,https://youtu.be/niY_CiYE4FI,1604008317.0,,False,False,False,0,,False,1,False,1,,False,False,1.0,False
mikepool1986,9yupvps,580,1510425428.0,True,False,False,25,Walmart is pulling all guns and ammo until after election dat.,jkjy84,/r/politics/comments/jkjy84/walmart_is_pulling_all_guns_and_ammo_until_after/,https://www.wsj.com/articles/walmart-pulls-guns-ammo-displays-in-u-s-stores-citing-civil-unrest-11604002136,1604009244.0,,False,False,False,0,Paywall,False,1,False,1,,False,False,1.0,False
western_red,8kksb,740813,1344215452.0,True,False,True,26649,|Trump Vs. Biden Race Close, But 4 Key Groups Favor Joe Biden, IBD/TIPP Presidential Poll Shows|,jkjls2,/r/politics/comments/jkjls2/trump_vs_biden_race_close_but_4_key_groups_favor/,https://www.investors.com/news/trump-vs-biden-poll-race-close-4-groups-key-joe-biden-lead-ibd-tipp-presidential-poll/,1604008155.0,,False,False,False,0,,False,8,False,9,,False,False,0.64,False
bigboxox,7hn02mt3,5266,1596165326.0,True,False,False,3658,Why Female-Led Countries Have Seen Fewer Covid-19 Deaths,jkjo8d,/r/politics/comments/jkjo8d/why_femaleled_countries_have_seen_fewer_covid19/,https://www.bloomberg.com/news/videos/2020-10-29/why-female-led-countries-have-seen-fewer-covid-19-deaths-video,1604008367.0,,False,False,False,0,,False,5,False,23,,False,False,0.87,False
imicallef,ahjod,87,1360089294.0,True,False,False,41,Does this article not terrify you of another Trump Surprise Win? I'm genuinely terrified after reading: Politicio ‘People Are Going To Be Shocked’: Return of the ‘Shy’ Trump Voter?,jkk1as,/r/politics/comments/jkk1as/does_this_article_not_terrify_you_of_another/,https://www.politico.com/news/magazine/2020/10/29/2020-polls-trump-biden-prediction-accurate-2016-433619,1604009517.0,,False,False,False,0,,False,3,False,0,,False,False,0.11,False
kingMuttonHead,12jyfrmn,25594,1522465254.0,True,False,False,23575,|As virus surges, Trump rallies keep packing in thousands|,jkjxf5,/r/politics/comments/jkjxf5/as_virus_surges_trump_rallies_keep_packing_in/,https://apnews.com/article/50e79fabd46472c51ecc1444184082de,1604009174.0,,False,False,False,0,,False,3,False,12,,False,False,1.0,False
Kinasin,7mw9h,18474,1336147840.0,True,False,True,16600,THE REAL SCANDAL: U.S. MEDIA USES FALSEHOODS TO DEFEND JOE BIDEN FROM HUNTER’S EMAILS,jkjzah,/r/politics/comments/jkjzah/the_real_scandal_us_media_uses_falsehoods_to/,https://greenwald.substack.com/p/article-on-joe-and-hunter-biden-censored,1604009336.0,,False,False,False,0,No ALL CAPS,False,1,False,1,,False,False,1.0,False
horse_race,4ddl1drn,14798,1565825400.0,True,False,True,12614,Hawaii mail-in ballots have already surpassed entire 2016 voter turnout,jkjzal,/r/politics/comments/jkjzal/hawaii_mailin_ballots_have_already_surpassed/,https://thehill.com/homenews/state-watch/523451-hawaii-mail-in-ballots-have-already-surpassed-entire-2016-voter-turnout,1604009337.0,,False,False,False,0,,False,2,False,13,,False,False,1.0,False
Supremetacoleader,c2ih3,165204,1371495668.0,True,False,False,104352,Giuliani associate Correia pleads guilty to making false statements,jkjq7k,/r/politics/comments/jkjq7k/giuliani_associate_correia_pleads_guilty_to/,https://thehill.com/regulation/court-battles/523466-giuliani-associate-correia-pleads-guilty-to-making-false-statements,1604008542.0,,False,False,False,0,,False,3,False,43,,False,False,0.98,False
Plymouth03,tn7xw,2617658,1452400098.0,False,False,False,2600102,Arizona is about to turn blue — and the reason is John McCain. My usually Republican neighborhood is now abundant with Biden-Harris signs,jkjst9,/r/politics/comments/jkjst9/arizona_is_about_to_turn_blue_and_the_reason_is/,https://www.independent.co.uk/voices/arizona-2020-election-result-polls-democrat-john-mccain-trump-pence-b1431683.html,1604008777.0,,False,False,False,0,,False,9,False,59,,False,False,0.95,False
Sybil_et_al,17990e,102455,1492723106.0,True,False,False,37708,Trump and Biden both target Tampa as fight for Florida heats up,jkjmz3,/r/politics/comments/jkjmz3/trump_and_biden_both_target_tampa_as_fight_for/,https://www.nydailynews.com/news/politics/us-elections-government/ny-election-2020-florida-20201029-ah7cxmnjyvhwtg4lhkpnjj6zka-story.html?utm_source=onesignal&utm_medium=notification&utm_campaign=2020-10-29-You-hold-the-po,1604008256.0,,False,False,False,0,,False,1,False,14,,False,False,0.89,False
jantefanten,6vwrfte,5322,1499887257.0,False,False,True,1659,Article on Joe and Hunter Biden Censored By The Intercept,jkjlg3,/r/politics/comments/jkjlg3/article_on_joe_and_hunter_biden_censored_by_the/,https://greenwald.substack.com/p/article-on-joe-and-hunter-biden-censored,1604008126.0,,False,False,False,0,Non-approved domain,False,2,False,2,,False,False,1.0,False
reverendrambo,5wu08,641205,1316781272.0,True,False,True,234982,How a fake persona laid the groundwork for a Hunter Biden conspiracy deluge,jkjw50,/r/politics/comments/jkjw50/how_a_fake_persona_laid_the_groundwork_for_a/,https://www.nbcnews.com/tech/security/how-fake-persona-laid-groundwork-hunter-biden-conspiracy-deluge-n1245387?s=09,1604009061.0,,False,False,False,0,Already Submitted,False,3,False,13,,False,False,0.84,False
ajariax,hr6a2,108717,1407349320.0,True,False,False,65306,Record-breaking early voting in U.S. election tops 80 million,jkjkfq,/r/politics/comments/jkjkfq/recordbreaking_early_voting_in_us_election_tops/,https://ca.reuters.com/article/us-usa-election-early-voting/record-breaking-early-voting-in-u-s-election-tops-80-million-idUSKBN27E37U,1604008037.0,,False,False,False,0,,False,4,False,46,,False,False,0.99,False
Currymvp2,y35on,264446,1463797358.0,False,False,True,66786,Trump Baselessly Suggests COVID-19 Deaths Inflated for Profit,jkjwc6,/r/politics/comments/jkjwc6/trump_baselessly_suggests_covid19_deaths_inflated/,https://www.factcheck.org/2020/10/trump-baselessly-suggests-covid-19-deaths-inflated-for-profit/,1604009078.0,,False,False,False,0,,False,5,False,22,,False,False,0.92,False
fligoo_gigoo,3kkkos38,159,1554825436.0,True,False,False,60,|Pennsylvania Voters, Do Not Leave Your Mail-In Ballots in the Hands of the Supreme Court|,jkjotm,/r/politics/comments/jkjotm/pennsylvania_voters_do_not_leave_your_mailin/,https://slate.com/news-and-politics/2020/10/pennsylvania-late-ballots-supreme-court-alito.html,1604008420.0,,False,False,False,0,,False,3,False,62,,False,False,0.96,False
western_red,8kksb,740813,1344215452.0,True,False,True,26649,|Arizona sees massive turnout, smooth process in early voting|,jkjs10,/r/politics/comments/jkjs10/arizona_sees_massive_turnout_smooth_process_in/,https://www.kgun9.com/news/election-2020/arizona-sees-massive-turnout-smooth-process-in-early-voting,1604008705.0,,False,False,False,0,,False,4,False,45,,False,False,1.0,False
the_ol_bait_n_switch,7bqnc343,42,1595112228.0,True,False,False,1,|Jim Crow Joe || The Racist History of Joe Biden|,jkju5t,/r/politics/comments/jkju5t/jim_crow_joe_the_racist_history_of_joe_biden/,https://www.youtube.com/watch?v=jPUFwmZN9eo&feature=youtu.be,1604008895.0,,False,False,False,0,Karma gated submission,False,0,False,1,,False,False,1.0,False
Spirited_Cheer,vk385,274337,1456434693.0,True,False,True,212517,|Trump admin to sell Iranian fuel meant for Venezuela, give proceeds to terror victims|,jkjz1f,/r/politics/comments/jkjz1f/trump_admin_to_sell_iranian_fuel_meant_for/,https://english.alarabiya.net/en/News/world/2020/10/30/Trump-admin-to-sell-Iranian-fuel-meant-for-Venezuela-give-proceeds-to-terror-victims,1604009315.0,,False,False,False,0,Non-approved domain,False,1,False,1,,False,False,1.0,False
Signe-mallory,89s4v4mv,29851,1601330357.0,False,False,False,27098,Wisconsin Supreme Court refuses to offer ballot clarity,jkjoix,/r/politics/comments/jkjoix/wisconsin_supreme_court_refuses_to_offer_ballot/,https://apnews.com/3ff985e0b50a128c7df2288cbde4c3d4,1604008393.0,,False,False,False,0,,False,2,False,19,,False,False,1.0,False
CadreSolutions,1foxudm4,150,1527171387.0,True,False,False,130,|Biden Wants to Repeal the Step-Up-Basis and Tax Inheritance, Trapping Middle/Lower Class|,jkjvzj,/r/politics/comments/jkjvzj/biden_wants_to_repeal_the_stepupbasis_and_tax/,https://www.forbes.com/sites/advisor/2020/10/29/biden-step-up-in-basis-tax/,1604009049.0,,False,False,False,0,Blogging Platform,False,1,False,1,,False,False,1.0,False
strawberries6,wnqjt,112525,1458969607.0,False,False,False,69908,|As Election Nears, Trump Makes a Final Push Against Climate Science - The administration is imposing new limits on the National Oceanic and Atmospheric Administration that would undercut action against global warming|,jkjov6,/r/politics/comments/jkjov6/as_election_nears_trump_makes_a_final_push/,https://www.nytimes.com/2020/10/27/climate/trump-election-climate-noaa.html,1604008423.0,,False,False,False,0,Already Submitted,False,6,False,22,,False,False,0.89,False
SheepCantFly,171qdp,406188,1492102298.0,True,False,True,387056,|Americans hate political opponents more than they love their party, study finds|,jkk0c0,/r/politics/comments/jkk0c0/americans_hate_political_opponents_more_than_they/,https://www.cnn.com/2020/10/29/health/political-party-hate-study-wellness/index.html,1604009429.0,,False,False,False,0,,False,5,False,4,,False,False,1.0,False
TheOceanBoy,wqjbz,17081,1459272825.0,True,False,False,4465,How a fake persona laid the groundwork for a Hunter Biden conspiracy deluge,jkjmx4,/r/politics/comments/jkjmx4/how_a_fake_persona_laid_the_groundwork_for_a/,https://www.nbcnews.com/tech/security/how-fake-persona-laid-groundwork-hunter-biden-conspiracy-deluge-n1245387,1604008251.0,,False,False,False,0,Already Submitted,False,4,False,21,,False,False,0.86,False
terriblekoala9,55tlfqvg,245661,1577122179.0,True,False,True,168964,I predict that Trump will lose the election,jkjkvf,/r/politics/comments/jkjkvf/i_predict_that_trump_will_lose_the_election/,https://thehill.com/opinion/campaign/523302-i-predict-that-trump-will-lose-the-election,1604008077.0,,False,False,False,0,,False,8,False,9,,False,False,0.64,False
Epicassion,4e70a2ep,1905,1572096416.0,True,False,False,63,|Within The Early Voting Boom, Youth Turnout Seems To Be Surging|,jkjt0y,/r/politics/comments/jkjt0y/within_the_early_voting_boom_youth_turnout_seems/,https://www.npr.org/2020/10/29/928641949/within-the-early-voting-boom-evidence-of-youth-turnout-surging,1604008797.0,,False,False,False,0,Already Submitted,False,8,False,30,,False,False,0.94,False
ohnoh18,3qo6zvfi,3079667,1558762456.0,True,False,False,2834804,|Trump campaign working with police union to recruit ex-cops as “poll challengers”: report || City Councilman Jeremiah Ellison accused union chief Bob Kroll of aiding a "voter intimidation campaign"|,jkjmv1,/r/politics/comments/jkjmv1/trump_campaign_working_with_police_union_to/,https://www.salon.com/2020/10/29/trump-campaign-working-with-police-union-to-recruit-ex-cops-as-poll-challengers-report/,1604008247.0,,False,False,False,0,Already Submitted,False,2,False,8,,False,False,0.83,False
AnotherSchool,15expv,80645,1487134814.0,True,False,True,20750,|Supreme Court to Let PA, NC Accept Absentee Ballots After Election Day|,jkjsxf,/r/politics/comments/jkjsxf/supreme_court_to_let_pa_nc_accept_absentee/,https://www.nytimes.com/2020/10/28/us/supreme-court-pennsylvania-north-carolina-absentee-ballots.html,1604008787.0,,False,False,False,0,Already Submitted,False,5,False,16,,False,False,0.86,False
DocYin,18cuk3w9,1619,1524350477.0,True,False,False,487,Why Pennsylvania’s Vote Count Could Change After Election Night,jkjkgz,/r/politics/comments/jkjkgz/why_pennsylvanias_vote_count_could_change_after/,https://fivethirtyeight.com/features/why-pennsylvanias-vote-count-could-change-after-election-night/,1604008039.0,,False,False,False,0,Already Submitted,False,4,False,7,,False,False,0.77,False
helenolai,3lng6944,235188,1569124976.0,True,False,True,226520,Readying for war: Inside an armed right-wing group in Utah,jkjzcp,/r/politics/comments/jkjzcp/readying_for_war_inside_an_armed_rightwing_group/,https://www.washingtonpost.com/video/national/readying-for-war-inside-an-armed-right-wing-group-in-utah/2020/10/28/4c412d87-fba5-4dac-b603-b545749cc498_video.html?fbclid=IwAR0QcByanJev8HJdK2rtGXgBvv0eJKDRz5lIDzs5wox62NZIdCK7vsCBGbA,1604009342.0,,False,False,False,0,,False,3,False,8,,False,False,1.0,False
