,author,author_id,author_total_karma,author_created_utc,author_has_verified_email,author_is_employee,author_is_mod,author_link_karma,submission_title,submission_id,submission_location,submission_link,created_utc,distinguished,edited,is_original_content,is_self,gilded,link_flair_text,locked,num_comments,over_18,score,selftext,spoiler,stickied,upvote_ratio,clicked,reliable
0,jantefanten,6vwrfte,5321,1499887257,FALSE,FALSE,TRUE,1658,Article on Joe and Hunter Biden Censored By The Intercept,jkjlg3,/r/politics/comments/jkjlg3/article_on_joe_and_hunter_biden_censored_by_the/,https://greenwald.substack.com/p/article-on-joe-and-hunter-biden-censored,1604008126,,FALSE,FALSE,FALSE,0,Non-approved domain,FALSE,2,FALSE,1,,FALSE,FALSE,1,FALSE,0
1,MrOaiki,ae5rk,187233,1359390944,TRUE,FALSE,TRUE,97106,He is the 'bravest person I know': Farage stumps for Trump,jkj89g,/r/politics/comments/jkj89g/he_is_the_bravest_person_i_know_farage_stumps_for/,https://youtube.com/watch?feature=youtu.be&v=hlSFK861JwY,1604006975,,FALSE,FALSE,FALSE,0,Non-approved Youtube Channel,FALSE,2,FALSE,1,,FALSE,FALSE,1,FALSE,0
2,Plymouth03,tn7xw,2617612,1452400098,FALSE,FALSE,FALSE,2600056,"Trump's Covid-19 Testing Czar Warns of 'Draconian Measures' to Come If Americans Don't Mask Up. As cases surge just before Election Day, studies show universal mask-wearing prevents outbreaks and could save tens of thousands of lives.",jkiphj,/r/politics/comments/jkiphj/trumps_covid19_testing_czar_warns_of_draconian/,https://www.commondreams.org/news/2020/10/29/trumps-covid-19-testing-czar-warns-draconian-measures-come-if-americans-dont,1604005429,,FALSE,FALSE,FALSE,0,Rule-Breaking Title,FALSE,6,FALSE,38,,FALSE,FALSE,0.93,FALSE,0
3,silence7,22bd2,385194,1183149420,TRUE,FALSE,TRUE,267536,Walmart Pulls Guns Off Shelves as Precaution Ahead of Election,jkjkgl,/r/politics/comments/jkjkgl/walmart_pulls_guns_off_shelves_as_precaution/,https://www.bloomberg.com/news/articles/2020-10-29/walmart-pulls-guns-off-shelves-as-precaution-ahead-of-election,1604008038,,FALSE,FALSE,FALSE,0,,FALSE,6,FALSE,17,,FALSE,FALSE,0.84,FALSE,0
4,MrOaiki,ae5rk,187233,1359390944,TRUE,FALSE,TRUE,97106,He is the 'bravest person I know': Farage stumps for Trump,jkj6zu,/r/politics/comments/jkj6zu/he_is_the_bravest_person_i_know_farage_stumps_for/,https://youtu.be/hlSFK861JwY,1604006873,,FALSE,FALSE,FALSE,0,,FALSE,1,FALSE,1,,FALSE,FALSE,1,FALSE,0
5,cookinfingerlickin,744340ig,44802,1593715685,TRUE,FALSE,FALSE,37886,Civil rights groups sue over Trump order banning anti-racism trainings,jkj6hw,/r/politics/comments/jkj6hw/civil_rights_groups_sue_over_trump_order_banning/,https://www.axios.com/civil-rights-groups-sue-trump-order-banning-anti-racism-trainings-b106bd75-75a7-4280-88c2-0724c0a37337.html,1604006834,,FALSE,FALSE,FALSE,0,,FALSE,2,FALSE,35,,FALSE,FALSE,0.91,FALSE,1
6,tugboattomp,12pla6mt,750708,1521670507,TRUE,FALSE,FALSE,612226,Trump Administration Officially Opens Tongass National Forest to Logging,jkiyjz,/r/politics/comments/jkiyjz/trump_administration_officially_opens_tongass/,https://www.adventure-journal.com/2020/10/trump-administration-officially-opens-tongass-national-forest-to-logging/,1604006175,,FALSE,FALSE,FALSE,0,Non-approved domain,FALSE,1,FALSE,1,,FALSE,FALSE,1,FALSE,0
7,western_red,8kksb,740743,1344215452,TRUE,FALSE,TRUE,26588,"Trump Vs. Biden Race Close, But 4 Key Groups Favor Joe Biden, IBD/TIPP Presidential Poll Shows",jkjls2,/r/politics/comments/jkjls2/trump_vs_biden_race_close_but_4_key_groups_favor/,https://www.investors.com/news/trump-vs-biden-poll-race-close-4-groups-key-joe-biden-lead-ibd-tipp-presidential-poll/,1604008155,,FALSE,FALSE,FALSE,0,,FALSE,5,FALSE,0,,FALSE,FALSE,0.44,FALSE,1
8,resnica,12zftk0b,93574,1521816909,TRUE,FALSE,FALSE,91006,"Best of times, or the worst? A voter's guide to U.S. GDP",jkiri6,/r/politics/comments/jkiri6/best_of_times_or_the_worst_a_voters_guide_to_us/,https://www.reuters.com/article/us-usa-election-economy-data-graphic/best-of-times-or-the-worst-a-voters-guide-to-u-s-gdp-idUSKBN27D1FJ,1604005591,,FALSE,FALSE,FALSE,0,,FALSE,3,FALSE,0,,FALSE,FALSE,0.5,FALSE,1
9,SamDumberg,102rcftk,1056248,1520285869,FALSE,FALSE,FALSE,641735,"As pandemic raged and thousands died, government regulators cleared most nursing homes of infection-control violations",jkj2rp,/r/politics/comments/jkj2rp/as_pandemic_raged_and_thousands_died_government/,https://www.washingtonpost.com/business/2020/10/29/nursing-home-deaths-fines/,1604006522,,FALSE,FALSE,FALSE,0,,FALSE,1,FALSE,27,,FALSE,FALSE,0.96,FALSE,1
10,Dapopeofdope,15dil1,651,1487025943,TRUE,FALSE,FALSE,75,Trump has denounced white supremacy at least 20 times.,jkjnmv,/r/politics/comments/jkjnmv/trump_has_denounced_white_supremacy_at_least_20/,https://youtu.be/niY_CiYE4FI,1604008317,,FALSE,FALSE,FALSE,0,,FALSE,1,FALSE,1,,FALSE,FALSE,1,FALSE,0
11,News2016,v96pn,1191305,1455829480,FALSE,FALSE,FALSE,1144733,Warren Releases New Report: Lawlessness and Disorder: The Corrupt Trump Administration Has Made A Mockery of the Hatch Act,jkisp6,/r/politics/comments/jkisp6/warren_releases_new_report_lawlessness_and/,https://www.warren.senate.gov/newsroom/press-releases/warren-releases-new-report-lawlessness-and-disorder-the-corrupt-trump-administration-has-made-a-mockery-of-the-hatch-act,1604005690,,FALSE,FALSE,FALSE,0,,FALSE,15,FALSE,163,,FALSE,FALSE,0.99,FALSE,1
12,OhYeahTrueLevelBitch,4iv7uakz,35882,1567668387,TRUE,FALSE,FALSE,23178,US senators push to sell bunker-busting bombs to Israel Two bipartisan House legislators will introduce a bill in the US Congress that may allow sale of bunker-buster bombs to Israel.,jkiu1o,/r/politics/comments/jkiu1o/us_senators_push_to_sell_bunkerbusting_bombs_to/,https://www.aljazeera.com/news/2020/10/29/us-senators-to-introduce-bill-on-sale-of-bunker-bombs-to-israel,1604005799,,FALSE,FALSE,FALSE,0,,FALSE,7,FALSE,11,,FALSE,FALSE,0.76,FALSE,1
13,TheOceanBoy,wqjbz,17058,1459272825,TRUE,FALSE,FALSE,4451,How a fake persona laid the groundwork for a Hunter Biden conspiracy deluge,jkjmx4,/r/politics/comments/jkjmx4/how_a_fake_persona_laid_the_groundwork_for_a/,https://www.nbcnews.com/tech/security/how-fake-persona-laid-groundwork-hunter-biden-conspiracy-deluge-n1245387,1604008251,,FALSE,FALSE,FALSE,0,,FALSE,2,FALSE,5,,FALSE,FALSE,0.78,FALSE,0
14,KrogothFramework,2yb801tt,1805,1546978038,TRUE,FALSE,FALSE,1410,My Resignation From The Intercept,jkivxa,/r/politics/comments/jkivxa/my_resignation_from_the_intercept/,https://greenwald.substack.com/p/my-resignation-from-the-intercept,1604005947,,FALSE,FALSE,FALSE,0,Non-approved domain,FALSE,1,FALSE,1,,FALSE,FALSE,1,FALSE,0
15,jmanqwerty,533jy7g7,5019,1575125790,FALSE,FALSE,FALSE,654,Dems pivot to urge in-person voting after emphasis on vote-by-mail,jkj02m,/r/politics/comments/jkj02m/dems_pivot_to_urge_inperson_voting_after_emphasis/,https://m.washingtontimes.com/news/2020/oct/28/dems-pivot-urge-person-voting-after-emphasis-vote-/,1604006303,,FALSE,FALSE,FALSE,0,,FALSE,23,FALSE,0,,FALSE,FALSE,0.13,FALSE,0
16,Tacoma_Toby,7xoir29c,2002,1598983811,TRUE,FALSE,FALSE,499,Is Reuters typically thought to have a Nazi bias? Claims historical record growth in third quarter for US economy,jkj68v,/r/politics/comments/jkj68v/is_reuters_typically_thought_to_have_a_nazi_bias/,https://www.reuters.com/article/BigStory12/idUSKBN27E24T,1604006812,,FALSE,FALSE,FALSE,0,Rule-Breaking Title,FALSE,17,FALSE,0,,FALSE,FALSE,0.09,FALSE,0
17,Minneapolitanian,175lpk3j,396530,1523807624,TRUE,FALSE,FALSE,374280,SCOTUS Rules Against Republican Challenge of Ballot-Counting Deadline for the Third Time in Two Days,jkj03l,/r/politics/comments/jkj03l/scotus_rules_against_republican_challenge_of/,https://lawandcrime.com/supreme-court/scotus-rules-against-republican-challenge-of-election-deadline-for-the-third-time-in-two-days/,1604006305,,FALSE,FALSE,FALSE,0,,FALSE,15,FALSE,72,,FALSE,FALSE,0.99,FALSE,1
18,undergarden,39lm0,16870,1223766574,TRUE,FALSE,FALSE,1913,Trump Administration Strips Gray Wolves of Endangered Species Protections,jkiszc,/r/politics/comments/jkiszc/trump_administration_strips_gray_wolves_of/,https://www.npr.org/2020/10/29/929095979/gray-wolves-to-be-removed-from-endangered-species-list,1604005712,,FALSE,FALSE,FALSE,0,,FALSE,19,FALSE,56,,FALSE,FALSE,0.94,FALSE,1
19,jasonr299,8ksdf82c,324,1603338507,FALSE,FALSE,FALSE,145,Former Trump aide who now works for Devin Nunes reportedly leaked Ukraine whistleblower’s name,jkjl2d,/r/politics/comments/jkjl2d/former_trump_aide_who_now_works_for_devin_nunes/,https://www.salon.com/2019/10/29/former-trump-aide-who-now-works-for-devin-nunes-reportedly-leaked-ukraine-whistleblowers-name/,1604008094,,FALSE,FALSE,FALSE,0,New User Restricted Domains List,FALSE,0,FALSE,1,,FALSE,FALSE,1,FALSE,0
20,gmb92,gnsxa,23225,1400698923,TRUE,FALSE,FALSE,7951,"The Intercept on Greenwald's departure: ""The narrative Glenn presents about his departure is teeming with distortions and inaccuracies — all of them designed to make him appear as a victim, rather than a grown person throwing a tantrum.""",jkit50,/r/politics/comments/jkit50/the_intercept_on_greenwalds_departure_the/,https://theintercept.com/2020/10/29/glenn-greenwald-resigns-the-intercept/,1604005725,,FALSE,FALSE,FALSE,0,Already Submitted,FALSE,20,FALSE,26,,FALSE,FALSE,0.82,FALSE,1
21,justinfinite,erag3,5344,1389417090,TRUE,FALSE,TRUE,4705,Why experts on both political sides say Biden's corporate tax proposal is 'problematic',jkj1py,/r/politics/comments/jkj1py/why_experts_on_both_political_sides_say_bidens/,https://finance.yahoo.com/news/why-experts-on-both-political-sides-say-bidens-corporate-tax-proposal-is-problematic-153825021.html,1604006437,,FALSE,FALSE,FALSE,0,,FALSE,25,FALSE,0,,FALSE,FALSE,0.05,FALSE,0
22,bigboxox,7hn02mt3,5240,1596165326,TRUE,FALSE,FALSE,3632,Why Female-Led Countries Have Seen Fewer Covid-19 Deaths,jkjo8d,/r/politics/comments/jkjo8d/why_femaleled_countries_have_seen_fewer_covid19/,https://www.bloomberg.com/news/videos/2020-10-29/why-female-led-countries-have-seen-fewer-covid-19-deaths-video,1604008367,,FALSE,FALSE,FALSE,0,,FALSE,1,FALSE,2,,FALSE,FALSE,1,FALSE,0
23,littlexsparkee,kfjm680,1906,1511677501,TRUE,FALSE,FALSE,1119,"Trump administration vetted political views of 274 celebrities for botched $265 million Covid ad campaign, House lawmakers say",jkiv83,/r/politics/comments/jkiv83/trump_administration_vetted_political_views_of/,https://www.cnbc.com/2020/10/29/trump-administration-vetted-political-views-of-274-celebrities-for-botched-covid-ad-campaign.html,1604005890,,FALSE,FALSE,FALSE,0,Already Submitted,FALSE,17,FALSE,29,,FALSE,FALSE,1,FALSE,1
24,Publius015,1pk9mobr,1849,1530797120,TRUE,FALSE,FALSE,578,Trump administration lifts endangered species protection for wolves,jkivfb,/r/politics/comments/jkivfb/trump_administration_lifts_endangered_species/,https://www.denverpost.com/2020/10/29/gray-wolf-endangered-species-trump/,1604005906,,FALSE,FALSE,FALSE,0,Already Submitted,FALSE,7,FALSE,16,,FALSE,FALSE,1,FALSE,0
25,terriblekoala9,55tlfqvg,245626,1577122179,TRUE,FALSE,TRUE,168934,I predict that Trump will lose the election,jkjkvf,/r/politics/comments/jkjkvf/i_predict_that_trump_will_lose_the_election/,https://thehill.com/opinion/campaign/523302-i-predict-that-trump-will-lose-the-election,1604008077,,FALSE,FALSE,FALSE,0,,FALSE,3,FALSE,0,,FALSE,FALSE,0.42,FALSE,0
26,StraightJohnson,4gb8rr0,7189,1497809426,TRUE,FALSE,FALSE,3228,"Glenn Greenwald -Co-Founder of the Liberal Publication, The Intercept - Resigns Due to Censorship of Hunter Biden Allegations",jkiwn5,/r/politics/comments/jkiwn5/glenn_greenwald_cofounder_of_the_liberal/,https://greenwald.substack.com/p/my-resignation-from-the-intercept,1604006007,,FALSE,FALSE,FALSE,0,Non-approved domain,FALSE,1,FALSE,1,,FALSE,FALSE,1,FALSE,0
27,1PositiveKarma1,3252wg96,189250,1548196139,TRUE,FALSE,FALSE,183400,"Lady Gaga Voted In Sky-High Pink Platform Boots, A Chromatica Sweatshirt, And No Pants.",jkipoy,/r/politics/comments/jkipoy/lady_gaga_voted_in_skyhigh_pink_platform_boots_a/,https://www.elle.com/culture/celebrities/a34510555/lady-gaga-pantsless-voting-2020-outfit/,1604005445,,FALSE,FALSE,FALSE,0,,FALSE,18,FALSE,0,,FALSE,FALSE,0.43,FALSE,0
28,ajariax,hr6a2,108662,1407349320,TRUE,FALSE,FALSE,65254,Record-breaking early voting in U.S. election tops 80 million,jkjkfq,/r/politics/comments/jkjkfq/recordbreaking_early_voting_in_us_election_tops/,https://ca.reuters.com/article/us-usa-election-early-voting/record-breaking-early-voting-in-u-s-election-tops-80-million-idUSKBN27E37U,1604008037,,FALSE,FALSE,FALSE,0,,FALSE,2,FALSE,18,,FALSE,FALSE,1,FALSE,1
29,eastbayted,g70vw,258750,1397855647,TRUE,FALSE,TRUE,155078,Brett Kavanaugh Forced To Correct Supreme Court Opinion After Vermont Calls Out False Info,jkj4mj,/r/politics/comments/jkj4mj/brett_kavanaugh_forced_to_correct_supreme_court/,https://www.forbes.com/sites/alisondurkee/2020/10/29/brett-kavanaugh-forced-to-correct-supreme-court-opinion-after-vermont-calls-out-false-info/,1604006674,,FALSE,FALSE,FALSE,0,Blogging Platform,FALSE,2,FALSE,1,,FALSE,FALSE,1,FALSE,0
30,ANTristotle,10l3np,14148,1471391693,TRUE,FALSE,FALSE,12909,"UPS said it found lost Tucker Carlson documents, is sending back",jkjng8,/r/politics/comments/jkjng8/ups_said_it_found_lost_tucker_carlson_documents/,https://www.businessinsider.com/ups-said-found-lost-tucker-carlson-documents-sending-back-2020-10,1604008301,,FALSE,FALSE,FALSE,0,,FALSE,2,FALSE,1,,FALSE,FALSE,0.6,FALSE,0
31,ChiGuy6124,68la5wao,64845,1588538600,TRUE,FALSE,FALSE,58935,‘I ain’t going to jail!’: Federal agents worried they’d do hard time for Trump policy separating migrant kids,jkjmv6,/r/politics/comments/jkjmv6/i_aint_going_to_jail_federal_agents_worried_theyd/,https://www.nydailynews.com/news/politics/ny-border-patrol-separating-families-20201029-rotiywgokzbt5lfcc6coafausy-story.html,1604008248,,FALSE,FALSE,FALSE,0,,FALSE,3,FALSE,5,,FALSE,FALSE,0.78,FALSE,1
32,ealfert,rkic,764,1163956399,TRUE,FALSE,TRUE,79,Studies: Mild dry Election Day forecast may benefit Democratic turnout,jkiu1e,/r/politics/comments/jkiu1e/studies_mild_dry_election_day_forecast_may/,https://www.mprnews.org/story/2020/10/29/studies-mild-dry-election-day-forecast-may-benefit-democratic-turnout,1604005799,,FALSE,FALSE,FALSE,0,,FALSE,7,FALSE,45,,FALSE,FALSE,0.91,FALSE,1
33,fraggle_captain,j9xd9,367178,1415545019,TRUE,FALSE,FALSE,334949,Warren will make case to be Biden's Treasury secretary,jkjjrt,/r/politics/comments/jkjjrt/warren_will_make_case_to_be_bidens_treasury/,https://www.politico.com/news/2020/10/29/elizabeth-warren-biden-treasury-433620,1604007977,,FALSE,FALSE,FALSE,0,,FALSE,4,FALSE,14,,FALSE,FALSE,0.94,FALSE,1
34,Jaiden24,wjwsxac,-4,1518370436,TRUE,FALSE,FALSE,11,Watch: Pennsylvania Local Says Riots Are Causing People To Vote Trump,jkj124,/r/politics/comments/jkj124/watch_pennsylvania_local_says_riots_are_causing/,http://redstatewatcher.com/article.asp?id=174307,1604006384,,FALSE,FALSE,FALSE,0,Non-approved domain,FALSE,1,FALSE,1,,FALSE,FALSE,1,FALSE,0
35,Too_Hood_95,f2jn1q3,698823,1506390478,TRUE,FALSE,FALSE,645331,Trump rally moved back to Rochester amid conflicting reports on crowd size allowance,jkivuv,/r/politics/comments/jkivuv/trump_rally_moved_back_to_rochester_amid/,https://kstp.com/news/president-trump-rally-moved-back-to-rochester-minnesota-amid-conflicting-reports-on-crowd-size-allowance/5910597/?cat=1,1604005942,,FALSE,FALSE,FALSE,0,,FALSE,9,FALSE,16,,FALSE,FALSE,0.83,FALSE,1
36,daible,ox9hqpk,24946,1513726296,TRUE,FALSE,FALSE,24553,"After macron wife ( France president) said that hijab makes kids scared,a Muslim man tryed to show her picture to his son, and this happened..",jkjc8w,/r/politics/comments/jkjc8w/after_macron_wife_france_president_said_that/,https://www.facebook.com/100001412571352/posts/3598572660199784/,1604007323,,FALSE,FALSE,FALSE,0,Non-approved domain,FALSE,1,FALSE,1,,FALSE,FALSE,1,FALSE,0
37,ohnoh18,3qo6zvfi,3079467,1558762456,TRUE,FALSE,FALSE,2834714,"Trump campaign working with police union to recruit ex-cops as “poll challengers”: report | City Councilman Jeremiah Ellison accused union chief Bob Kroll of aiding a ""voter intimidation campaign""",jkjmv1,/r/politics/comments/jkjmv1/trump_campaign_working_with_police_union_to/,https://www.salon.com/2020/10/29/trump-campaign-working-with-police-union-to-recruit-ex-cops-as-poll-challengers-report/,1604008247,,FALSE,FALSE,FALSE,0,,FALSE,1,FALSE,3,,FALSE,FALSE,0.71,FALSE,1
38,Supremetacoleader,c2ih3,164963,1371495668,TRUE,FALSE,FALSE,104129,"Trump administration's ""Celebrity Tracker"" doc confuses Ronda Rousey's fictional WWE arrest with reality",jkiqto,/r/politics/comments/jkiqto/trump_administrations_celebrity_tracker_doc/,https://www.newsweek.com/trump-campaign-celebrity-tracker-ronda-rousey-wwe-arrest-real-1543349,1604005536,,FALSE,FALSE,FALSE,0,,FALSE,18,FALSE,55,,FALSE,FALSE,0.92,FALSE,1
39,LeStork,42nqo69s,43112,1562187629,TRUE,FALSE,FALSE,42095,Black Michigan city councilman and lifelong Democrat endorses President Trump: 'Democrats are full of hate',jkj4wl,/r/politics/comments/jkj4wl/black_michigan_city_councilman_and_lifelong/,https://www.theblaze.com/news/black-democratic-michigan-city-councilman-endorses-trump,1604006699,,FALSE,FALSE,FALSE,0,,FALSE,22,FALSE,0,,FALSE,FALSE,0.04,FALSE,0
40,western_red,8kksb,740744,1344215452,TRUE,FALSE,TRUE,26589,Latest F&M poll shows more than half of Pa. voters will cast ballots in-person on Election Day,jkj8ve,/r/politics/comments/jkj8ve/latest_fm_poll_shows_more_than_half_of_pa_voters/,https://whyy.org/articles/latest-fm-poll-shows-more-than-half-of-pa-voters-will-cast-ballots-in-person-on-election-day/,1604007029,,FALSE,FALSE,FALSE,0,,FALSE,15,FALSE,27,,FALSE,FALSE,0.91,FALSE,1
41,Aplay1,43bqr12a,248207,1562423475,TRUE,FALSE,FALSE,202113,'Time for an exorcism in our nation’s capital': Bruce Springsteen wants Trump voted out of office,jkjm8r,/r/politics/comments/jkjm8r/time_for_an_exorcism_in_our_nations_capital_bruce/,https://www.usatoday.com/story/entertainment/music/2020/10/29/bruce-springsteen-calls-americans-vote-trump-out-office/6076073002/,1604008196,,FALSE,FALSE,FALSE,0,,FALSE,1,FALSE,11,,FALSE,FALSE,0.92,FALSE,1
42,_usa_boy,7la4pj3t,-31,1596750774,TRUE,FALSE,FALSE,1,"Revealed: Hunter Biden 'possession of controlled substance' charge kept under wraps while father led drug war from Senate --- Hunter Biden is the perfect example of 'White Priviledge""",jkilor,/r/politics/comments/jkilor/revealed_hunter_biden_possession_of_controlled/,https://www.washingtonexaminer.com/politics/revealed-hunter-biden-possession-of-a-controlled-substance-charge-kept-under-wraps-while-father-spearheaded-drug-war-from-senate,1604005114,,FALSE,FALSE,FALSE,0,New User Restricted Domains List,FALSE,0,FALSE,1,,FALSE,FALSE,1,FALSE,0
43,Supremetacoleader,c2ih3,164963,1371495668,TRUE,FALSE,FALSE,104129,Court won't back gun ban outside Michigan polling places,jkjfb8,/r/politics/comments/jkjfb8/court_wont_back_gun_ban_outside_michigan_polling/,https://www.independent.co.uk/news/world/americas/us-politics/court-wont-back-gun-ban-outside-michigan-polling-places-court-michigan-appeal-polling-places-polling-places-b1432637.html,1604007586,,FALSE,FALSE,FALSE,0,,FALSE,6,FALSE,9,,FALSE,FALSE,0.76,FALSE,1
44,Aplay1,43bqr12a,248207,1562423475,TRUE,FALSE,FALSE,202113,"With Senate at risk, Trump focuses on himself",jkjd6p,/r/politics/comments/jkjd6p/with_senate_at_risk_trump_focuses_on_himself/,https://www.cnn.com/2020/10/29/politics/donald-trump-senate-election-2020/index.html,1604007402,,FALSE,FALSE,FALSE,0,,FALSE,15,FALSE,21,,FALSE,FALSE,0.89,FALSE,1
45,SpecRB,pj77c4s,2703,1514181973,TRUE,FALSE,FALSE,1101,"UPS said it found lost Tucker Carlson documents, is sending back",jkjeah,/r/politics/comments/jkjeah/ups_said_it_found_lost_tucker_carlson_documents/,https://www.businessinsider.com/ups-said-found-lost-tucker-carlson-documents-sending-back-2020-10?amp,1604007496,,FALSE,FALSE,FALSE,0,Already Submitted,FALSE,8,FALSE,5,,FALSE,FALSE,0.69,FALSE,0
46,Sybil_et_al,17990e,102323,1492723106,TRUE,FALSE,FALSE,37579,Trump and Biden both target Tampa as fight for Florida heats up,jkjmz3,/r/politics/comments/jkjmz3/trump_and_biden_both_target_tampa_as_fight_for/,https://www.nydailynews.com/news/politics/us-elections-government/ny-election-2020-florida-20201029-ah7cxmnjyvhwtg4lhkpnjj6zka-story.html?utm_source=onesignal&utm_medium=notification&utm_campaign=2020-10-29-You-hold-the-po,1604008256,,FALSE,FALSE,FALSE,0,,FALSE,1,FALSE,1,,FALSE,FALSE,0.67,FALSE,1
47,robotdesignwerks,b4xzx,25145,1364736367,TRUE,FALSE,FALSE,20689,Springsteen: 'We are rudderless and joyless' under Trump,jkjeuw,/r/politics/comments/jkjeuw/springsteen_we_are_rudderless_and_joyless_under/,https://thehill.com/blogs/in-the-know/in-the-know/523458-springsteen-we-are-rudderless-and-joyless-under-trump,1604007547,,FALSE,FALSE,FALSE,0,,FALSE,4,FALSE,48,,FALSE,FALSE,0.93,FALSE,1
48,Crawl-Walk-Run,46hu7r3z,359110,1563441826,TRUE,FALSE,FALSE,357660,Trump administration removes gray wolf from endangered species list,jkj6ha,/r/politics/comments/jkj6ha/trump_administration_removes_gray_wolf_from/,https://www.cnn.com/2020/10/29/politics/trump-administration-gray-wolf-endangered-list/index.html,1604006833,,FALSE,FALSE,FALSE,0,,FALSE,12,FALSE,27,,FALSE,FALSE,0.96,FALSE,1
49,lucynyu13,2t20j72x,1349097,1554768293,TRUE,FALSE,FALSE,1202484,"Trump campaign working with police union to recruit ex-cops as “poll challengers”: report. City Councilman Jeremiah Ellison accused union chief Bob Kroll of aiding a ""voter intimidation campaign""",jkinek,/r/politics/comments/jkinek/trump_campaign_working_with_police_union_to/,https://www.salon.com/2020/10/29/trump-campaign-working-with-police-union-to-recruit-ex-cops-as-poll-challengers-report/,1604005259,,FALSE,FALSE,FALSE,0,,FALSE,15,FALSE,112,,FALSE,FALSE,0.96,FALSE,1
50,1PositiveKarma1,3252wg96,189250,1548196139,TRUE,FALSE,FALSE,183400,Julia Roberts Wants You To Rock the Vote,jkiy2w,/r/politics/comments/jkiy2w/julia_roberts_wants_you_to_rock_the_vote/,https://www.vogue.com/article/julia-roberts-politics-fashion-instagram,1604006133,,FALSE,FALSE,FALSE,0,,FALSE,11,FALSE,8,,FALSE,FALSE,0.61,FALSE,1
51,the_ol_bait_n_switch,7bqnc343,44,1595112228,TRUE,FALSE,FALSE,1,Jim Crow Joe | The Racist History of Joe Biden,jkjjyu,/r/politics/comments/jkjjyu/jim_crow_joe_the_racist_history_of_joe_biden/,https://youtu.be/jPUFwmZN9eo,1604007994,,FALSE,FALSE,FALSE,0,,FALSE,1,FALSE,1,,FALSE,FALSE,1,FALSE,0
52,AwesomeBrainPowers,4tf9k,363073,1297123806,TRUE,FALSE,FALSE,95100,Sherrod Brown: Covid Shows How Corporate ‘Free Trade’ Policies Threaten Public Health | The Ohio senator proposes a radically different approach to trade policy. It starts with the word “public.”,jkinnn,/r/politics/comments/jkinnn/sherrod_brown_covid_shows_how_corporate_free/,https://www.thenation.com/article/economy/sherrod-brown-trade-covid/,1604005281,,FALSE,FALSE,FALSE,0,,FALSE,2,FALSE,33,,FALSE,FALSE,0.82,FALSE,1
53,HotNoodles21,2leq4q8n,13917,1542236901,FALSE,FALSE,TRUE,11283,Opinion: What Europe fears most about the US election,jkipsq,/r/politics/comments/jkipsq/opinion_what_europe_fears_most_about_the_us/,https://amp.cnn.com/cnn/2020/10/29/opinions/europe-fears-us-election-opinion-andelman/index.html,1604005452,,FALSE,FALSE,FALSE,0,,FALSE,3,FALSE,12,,FALSE,FALSE,0.77,FALSE,0
54,frostbyte650,1rjzhopu,86383,1531481722,TRUE,FALSE,TRUE,46247,Elizabeth Warren’s office compiled a report on the Trump administration’s Hatch Act violations. They counted more than 50.,jkipm7,/r/politics/comments/jkipm7/elizabeth_warrens_office_compiled_a_report_on_the/,https://www.boston.com/news/politics/2020/10/29/elizabeth-warren-trump-hatch-act-violations,1604005439,,FALSE,FALSE,FALSE,0,,FALSE,21,FALSE,244,,FALSE,FALSE,0.99,FALSE,1
55,jumpupugly,19429o2i,15113,1524668446,TRUE,FALSE,FALSE,159,U.S. Supreme Court refuses to expedite Pa. mail ballot case,jkirct,/r/politics/comments/jkirct/us_supreme_court_refuses_to_expedite_pa_mail/,https://www.inquirer.com/politics/election/live/elections-2020-candidates-updates-news-pennsylvania-20201028.html,1604005580,,FALSE,FALSE,FALSE,0,Not Appropriate: Live Updates,FALSE,1,FALSE,1,,FALSE,FALSE,1,FALSE,0
56,Hubblestreet,8b8lluuj,31898,1601602990,FALSE,FALSE,FALSE,26084,"President Trump says he is receiving advice to stop talking about Hunter Biden | At a campaign stop in Tampa, Florida, President Trump said past contenders for President have told him to stop talking about Hunter Biden. Trump went on to dismiss the advice in the speech.",jkjg8x,/r/politics/comments/jkjg8x/president_trump_says_he_is_receiving_advice_to/,https://www.mcclatchydc.com/news/politics-government/election/campaigns/article246816857.html#storylink=rss,1604007670,,FALSE,FALSE,FALSE,0,,FALSE,13,FALSE,28,,FALSE,FALSE,0.89,FALSE,1
57,roku44,zcpor,2582368,1468008064,FALSE,FALSE,FALSE,2553110,'Reckless Incompetence and Intentional Cruelty': House Issues Scathing Report on Trump Migrant Family Separation Policy,jkin1h,/r/politics/comments/jkin1h/reckless_incompetence_and_intentional_cruelty/,https://www.commondreams.org/news/2020/10/29/reckless-incompetence-and-intentional-cruelty-house-issues-scathing-report-trump,1604005226,,FALSE,FALSE,FALSE,0,,FALSE,2,FALSE,70,,FALSE,FALSE,0.95,FALSE,1
58,mythrowawaybabies,4h7t1f6w,527739,1567112742,TRUE,FALSE,TRUE,483131,"German Chancellor Angela Merkel told European leaders they all failed to step in quickly enough to control the pandemic, cites 'political realities'",jkj0gm,/r/politics/comments/jkj0gm/german_chancellor_angela_merkel_told_european/,https://www.bloomberg.com/news/articles/2020-10-29/merkel-delivers-somber-warning-to-eu-leaders-on-virus-reaction,1604006333,,FALSE,FALSE,FALSE,0,Off Topic,FALSE,8,FALSE,19,,FALSE,FALSE,0.81,FALSE,0
59,robotdesignwerks,b4xzx,25145,1364736367,TRUE,FALSE,FALSE,20689,"Walmart pulls guns, ammo off sales floors because of ‘civil unrest’ in some areas, but will still sell those items",jkj74v,/r/politics/comments/jkj74v/walmart_pulls_guns_ammo_off_sales_floors_because/,https://www.cnbc.com/2020/10/29/walmart-pulls-guns-ammo-off-sales-floors-because-of-civil-unrest.html,1604006884,,FALSE,FALSE,FALSE,0,Off Topic,FALSE,13,FALSE,36,,FALSE,FALSE,0.91,FALSE,1
60,TheDevilMerelyLaughs,pz5fma0,677,1514507642,FALSE,FALSE,FALSE,601,Trump’s Signature Will Appear on Coronavirus Stimulus Checks,jkimqn,/r/politics/comments/jkimqn/trumps_signature_will_appear_on_coronavirus/,http://time.com/5821097/donald-trump-signature-coronavirus-relief-checks/,1604005203,,FALSE,FALSE,FALSE,0,Out of Date,FALSE,12,FALSE,0,,FALSE,FALSE,0.07,FALSE,0
61,Pessimist2020,6clhmtcw,12637,1588286229,TRUE,FALSE,FALSE,5655,Diplomats and International Observers Brace for Election Day,jkjgn1,/r/politics/comments/jkjgn1/diplomats_and_international_observers_brace_for/,https://time.com/5905263/diplomats-observers-election-day/,1604007705,,FALSE,FALSE,FALSE,0,,FALSE,3,FALSE,12,,FALSE,FALSE,0.93,FALSE,1
62,Jaiden24,wjwsxac,-4,1518370436,TRUE,FALSE,FALSE,11,Republicans look to Philadelphia riots to bolster Trump in Pennsylvania suburbs,jkjchw,/r/politics/comments/jkjchw/republicans_look_to_philadelphia_riots_to_bolster/,https://www.washingtonexaminer.com/news/campaigns/republicans-look-to-philadelphia-riots-to-bolster-trump-in-pennsylvania-suburbs,1604007345,,FALSE,FALSE,FALSE,0,,FALSE,14,FALSE,0,,FALSE,FALSE,0.14,FALSE,0
63,i-am-sancho,7u1te,1604151,1338252906,TRUE,FALSE,TRUE,836922,"How a fake persona laid the groundwork for a Hunter Biden conspiracy deluge. A 64-page document that was later disseminated by close associates of President Donald Trump appears to be the work of a fake ""intelligence firm.""",jkjeib,/r/politics/comments/jkjeib/how_a_fake_persona_laid_the_groundwork_for_a/,https://www.nbcnews.com/tech/security/how-fake-persona-laid-groundwork-hunter-biden-conspiracy-deluge-n1245387,1604007516,,FALSE,FALSE,FALSE,0,,FALSE,14,FALSE,67,,FALSE,FALSE,0.95,FALSE,1
64,sm12999,4fekfel0,331,1577058854,FALSE,FALSE,FALSE,1,"Georgia’s two super-competitive Senate races, explained",jkipig,/r/politics/comments/jkipig/georgias_two_supercompetitive_senate_races/,https://www.vox.com/21536826/georgia-senate-race-ossoff-loeffler-warnock-perdue,1604005431,,FALSE,FALSE,FALSE,0,Karma gated submission,FALSE,0,FALSE,1,,FALSE,FALSE,1,FALSE,0
65,terriblekoala9,55tlfqvg,245626,1577122179,TRUE,FALSE,TRUE,168934,Trump administration strips protection from US’s largest forest | US & Canada,jkiztq,/r/politics/comments/jkiztq/trump_administration_strips_protection_from_uss/,https://www.aljazeera.com/news/2020/10/29/trump-administration-strips-protections-from-uss-largest-forest,1604006284,,FALSE,FALSE,FALSE,0,,FALSE,5,FALSE,31,,FALSE,FALSE,1,FALSE,1
66,CitizenDildoh,dtpku,1560,1383900759,FALSE,FALSE,TRUE,1,"UPS said it found lost Tucker Carlson documents, is sending back",jkivir,/r/politics/comments/jkivir/ups_said_it_found_lost_tucker_carlson_documents/,https://www.businessinsider.com/ups-said-found-lost-tucker-carlson-documents-sending-back-2020-10,1604005913,,FALSE,FALSE,FALSE,0,Karma gated submission,FALSE,0,FALSE,1,,FALSE,FALSE,1,FALSE,0
67,fligoo_gigoo,3kkkos38,96,1554825436,TRUE,FALSE,FALSE,14,The Supreme Court’s latest decision looks like a win for voting rights. It’s really a threat.,jkjjtv,/r/politics/comments/jkjjtv/the_supreme_courts_latest_decision_looks_like_a/,https://www.vox.com/2020/10/28/21539169/supreme-court-pennsylvania-republican-party-samuel-alito-mail-in-ballots-boockvar,1604007982,,FALSE,FALSE,FALSE,0,Already Submitted,FALSE,2,FALSE,6,,FALSE,FALSE,0.75,FALSE,0
68,My13InchDuck,zdaeq,111121,1468071926,TRUE,FALSE,TRUE,102993,Butler County Elections Director Says Postal Service Lost Unknown Number Of Mail-In Ballots,jkiqpm,/r/politics/comments/jkiqpm/butler_county_elections_director_says_postal/,https://pittsburgh.cbslocal.com/2020/10/28/butler-county-elections-director-says-postal-service-lost-mail-in-ballots/,1604005525,,FALSE,FALSE,FALSE,0,,FALSE,10,FALSE,35,,FALSE,FALSE,0.89,FALSE,1
69,DocYin,18cuk3w9,1618,1524350477,TRUE,FALSE,FALSE,486,Why Pennsylvania’s Vote Count Could Change After Election Night,jkjkgz,/r/politics/comments/jkjkgz/why_pennsylvanias_vote_count_could_change_after/,https://fivethirtyeight.com/features/why-pennsylvanias-vote-count-could-change-after-election-night/,1604008039,,FALSE,FALSE,FALSE,0,Already Submitted,FALSE,3,FALSE,6,,FALSE,FALSE,0.75,FALSE,0
70,MrBuffaloJoe,38ne2sdy,856,1550371430,TRUE,FALSE,FALSE,583,Best Factual Trump rallie Showimg A real Biden,jkjid9,/r/politics/comments/jkjid9/best_factual_trump_rallie_showimg_a_real_biden/,https://youtu.be/rAZhOPLmzrE,1604007849,,FALSE,FALSE,FALSE,0,,FALSE,1,FALSE,1,,FALSE,FALSE,1,FALSE,0
71,buncha13itches,3vmwz8q3,4801,1579725736,FALSE,FALSE,FALSE,4751,Has Anyone Seen This? Actually a good watch!,jkiscg,/r/politics/comments/jkiscg/has_anyone_seen_this_actually_a_good_watch/,https://www.youtube.com/watch?v=xvOxBLlg4vo&feature=share,1604005659,,FALSE,FALSE,FALSE,0,Non-approved Youtube Channel,FALSE,2,FALSE,1,,FALSE,FALSE,1,FALSE,0
72,idunmessedup,8saez,80034,1345925934,TRUE,FALSE,FALSE,39553,"Exxon Mobil, still reeling from massive oil bust, to lay off workers after all",jkixjz,/r/politics/comments/jkixjz/exxon_mobil_still_reeling_from_massive_oil_bust/,https://www.houstonchronicle.com/business/energy/amp/Exxon-Mobil-Flags-Potential-Job-Cuts-in-Email-to-15666749.php,1604006086,,FALSE,FALSE,FALSE,0,Off Topic,FALSE,7,FALSE,10,,FALSE,FALSE,0.71,FALSE,1
73,skl692,2ww8h29z,799126,1546492305,TRUE,FALSE,FALSE,767114,How a fake persona laid the groundwork for a Hunter Biden conspiracy deluge,jkjg1d,/r/politics/comments/jkjg1d/how_a_fake_persona_laid_the_groundwork_for_a/,https://www.nbcnews.com/tech/security/how-fake-persona-laid-groundwork-hunter-biden-conspiracy-deluge-n1245387,1604007651,,FALSE,FALSE,FALSE,0,Already Submitted,FALSE,3,FALSE,9,,FALSE,FALSE,0.84,FALSE,1
74,My13InchDuck,zdaeq,111121,1468071926,TRUE,FALSE,TRUE,102993,"Thousands of Mail-in Ballots Feared Missing in Butler County, Pa., as Officials Rush to Deliver Replacements",jkiq7y,/r/politics/comments/jkiq7y/thousands_of_mailin_ballots_feared_missing_in/,https://www.newsweek.com/thousands-mail-ballots-feared-missing-butler-county-pa-officials-rush-deliver-replacements-1543293,1604005485,,FALSE,FALSE,FALSE,0,,FALSE,9,FALSE,51,,FALSE,FALSE,0.94,FALSE,1
75,kokoburner,55l8ec2n,472,1586282684,TRUE,FALSE,FALSE,404,Hunter Biden Has a PornHub Account Where He Uploaded His Personal Porn - Including with Family Member,jkipv5,/r/politics/comments/jkipv5/hunter_biden_has_a_pornhub_account_where_he/,https://www.thegatewaypundit.com/2020/10/huge-breaking-exclusive-hunter-biden-pornhub-account-uploaded-personal-porn-including-family-members/,1604005457,,FALSE,FALSE,FALSE,0,Rehosted Content,FALSE,1,FALSE,1,,FALSE,FALSE,1,FALSE,0
